image_path,image_name,subfolder,class_id,class_name,confidence,xmin,ymin,xmax,ymax,evaluation
/srv/shared_leopard_toad/2025/Documents/12.19.08.2025/6R/100MEDIA/DSCF0012.JPG,DSCF0012.JPG,6R/100MEDIA,1,Small_Mammal,0.2817,1038.0,253.1,3102.2,2838.1,Correct
/srv/shared_leopard_toad/2025/Documents/12.19.08.2025/6R/100MEDIA/DSCF0009.JPG,DSCF0009.JPG,6R/100MEDIA,1,Small_Mammal,0.4566,1207.8,996.2,2752.6,2839.5,Correct
/srv/shared_leopard_toad/2025/Documents/12.19.08.2025/5R/105MEDIA/DSCF0001.JPG,DSCF0001.JPG,5R/105MEDIA,0,Other_Amphibian,0.3851,2442.8,461.8,2804.3,931.8,Correct
/srv/shared_leopard_toad/2025/Documents/12.19.08.2025/5R/105MEDIA/DSCF0020.JPG,DSCF0020.JPG,5R/105MEDIA,0,Other_Amphibian,0.5596,3326.0,1249.1,3799.8,1686.7,Correct
/srv/shared_leopard_toad/2025/Documents/12.19.08.2025/5R/105MEDIA/DSCF0016.JPG,DSCF0016.JPG,5R/105MEDIA,0,Other_Amphibian,0.458,2837.2,1278.3,3160.3,1631.0,Correct
/srv/shared_leopard_toad/2025/Documents/12.19.08.2025/5R/104MEDIA/DSCF0993.JPG,DSCF0993.JPG,5R/104MEDIA,0,Other_Amphibian,0.2823,2495.9,607.9,2836.1,976.4,Correct
/srv/shared_leopard_toad/2025/Documents/12.19.08.2025/5R/104MEDIA/DSCF0986.JPG,DSCF0986.JPG,5R/104MEDIA,0,Other_Amphibian,0.302,2447.6,565.5,2898.3,1037.8,Correct
/srv/shared_leopard_toad/2025/Documents/12.19.08.2025/5R/104MEDIA/DSCF0988.JPG,DSCF0988.JPG,5R/104MEDIA,0,Other_Amphibian,0.6396,2498.5,625.0,2829.7,1021.4,Correct
/srv/shared_leopard_toad/2025/Documents/12.19.08.2025/5R/104MEDIA/DSCF0989.JPG,DSCF0989.JPG,5R/104MEDIA,0,Other_Amphibian,0.5626,2456.5,601.2,2816.0,1002.6,Correct
/srv/shared_leopard_toad/2025/Documents/12.19.08.2025/5R/104MEDIA/DSCF0962.JPG,DSCF0962.JPG,5R/104MEDIA,2,Western_Leopard_Toad,0.3001,2583.1,683.3,2879.2,960.0,Correct
/srv/shared_leopard_toad/2025/Documents/12.19.08.2025/5R/104MEDIA/DSCF0961.JPG,DSCF0961.JPG,5R/104MEDIA,2,Western_Leopard_Toad,0.4243,2568.3,678.6,2879.5,960.2,Correct
/srv/shared_leopard_toad/2025/Documents/12.19.08.2025/5R/104MEDIA/DSCF0999.JPG,DSCF0999.JPG,5R/104MEDIA,0,Other_Amphibian,0.632,2424.6,514.1,2839.5,928.8,Correct
/srv/shared_leopard_toad/2025/Documents/12.19.08.2025/5R/104MEDIA/DSCF0987.JPG,DSCF0987.JPG,5R/104MEDIA,0,Other_Amphibian,0.6679,2489.2,676.7,2906.6,1037.6,Correct
/srv/shared_leopard_toad/2025/Documents/12.19.08.2025/5R/101MEDIA/DSCF0446.JPG,DSCF0446.JPG,5R/101MEDIA,0,Other_Amphibian,0.4523,952.2,631.4,1181.9,892.7,Correct
/srv/shared_leopard_toad/2025/Documents/12.19.08.2025/5R/101MEDIA/DSCF0451.JPG,DSCF0451.JPG,5R/101MEDIA,0,Other_Amphibian,0.7514,1443.0,276.3,1689.1,512.1,Correct
/srv/shared_leopard_toad/2025/Documents/12.19.08.2025/5R/101MEDIA/DSCF0453.JPG,DSCF0453.JPG,5R/101MEDIA,0,Other_Amphibian,0.8734,1662.6,64.8,1927.0,329.7,Correct
/srv/shared_leopard_toad/2025/Documents/12.19.08.2025/5R/101MEDIA/DSCF0452.JPG,DSCF0452.JPG,5R/101MEDIA,0,Other_Amphibian,0.7907,1586.9,138.0,1853.0,401.1,Correct
/srv/shared_leopard_toad/2025/Documents/12.19.08.2025/5R/101MEDIA/DSCF0444.JPG,DSCF0444.JPG,5R/101MEDIA,0,Other_Amphibian,0.598,742.6,812.3,980.0,1096.0,Correct
/srv/shared_leopard_toad/2025/Documents/12.19.08.2025/5R/101MEDIA/DSCF0447.JPG,DSCF0447.JPG,5R/101MEDIA,0,Other_Amphibian,0.708,1009.4,552.2,1253.5,838.3,Correct
/srv/shared_leopard_toad/2025/Documents/12.19.08.2025/4Z/107MEDIA/DSCF0729.JPG,DSCF0729.JPG,4Z/107MEDIA,0,Other_Amphibian,0.3104,4023.9,1412.6,4333.9,1734.2,Correct
/srv/shared_leopard_toad/2025/Documents/12.19.08.2025/4Z/107MEDIA/DSCF0739.JPG,DSCF0739.JPG,4Z/107MEDIA,0,Other_Amphibian,0.781,4055.4,1781.4,4300.3,2053.6,Correct
/srv/shared_leopard_toad/2025/Documents/12.19.08.2025/4Z/107MEDIA/DSCF0742.JPG,DSCF0742.JPG,4Z/107MEDIA,0,Other_Amphibian,0.4334,4166.1,1640.6,4442.1,1947.4,Correct
/srv/shared_leopard_toad/2025/Documents/12.19.08.2025/4Z/107MEDIA/DSCF0727.JPG,DSCF0727.JPG,4Z/107MEDIA,0,Other_Amphibian,0.7281,4141.4,1566.9,4406.5,1845.6,Correct
/srv/shared_leopard_toad/2025/Documents/12.19.08.2025/4Z/107MEDIA/DSCF0725.JPG,DSCF0725.JPG,4Z/107MEDIA,0,Other_Amphibian,0.6505,4284.5,1673.0,4565.4,1985.0,Correct
/srv/shared_leopard_toad/2025/Documents/12.19.08.2025/4Z/107MEDIA/DSCF0813.JPG,DSCF0813.JPG,4Z/107MEDIA,2,Western_Leopard_Toad,0.4444,2934.7,2161.5,3498.3,2838.8,Correct
/srv/shared_leopard_toad/2025/Documents/12.19.08.2025/4Z/107MEDIA/DSCF0726.JPG,DSCF0726.JPG,4Z/107MEDIA,0,Other_Amphibian,0.6079,4157.3,1606.3,4453.6,1897.7,Correct
/srv/shared_leopard_toad/2025/Documents/12.19.08.2025/4Z/107MEDIA/DSCF0728.JPG,DSCF0728.JPG,4Z/107MEDIA,0,Other_Amphibian,0.6686,4046.2,1419.6,4362.4,1791.8,Correct
/srv/shared_leopard_toad/2025/Documents/12.19.08.2025/4Z/108MEDIA/DSCF0758.JPG,DSCF0758.JPG,4Z/108MEDIA,2,Western_Leopard_Toad,0.5527,4534.2,1974.7,4934.0,2413.8,Correct
/srv/shared_leopard_toad/2025/Documents/12.19.08.2025/4Z/108MEDIA/DSCF0724.JPG,DSCF0724.JPG,4Z/108MEDIA,2,Western_Leopard_Toad,0.8563,1201.7,980.9,2021.8,1921.6,Correct
/srv/shared_leopard_toad/2025/Documents/12.19.08.2025/4Z/106MEDIA/DSCF0538.JPG,DSCF0538.JPG,4Z/106MEDIA,2,Western_Leopard_Toad,0.5991,4087.8,1695.6,4498.6,2087.0,Correct
/srv/shared_leopard_toad/2025/Documents/12.19.08.2025/4Z/109MEDIA/DSCF0572.JPG,DSCF0572.JPG,4Z/109MEDIA,2,Western_Leopard_Toad,0.8883,3703.9,2259.8,4065.6,2676.9,Correct
/srv/shared_leopard_toad/2025/Documents/12.19.08.2025/4Z/109MEDIA/DSCF0011.JPG,DSCF0011.JPG,4Z/109MEDIA,2,Western_Leopard_Toad,0.4238,274.7,334.0,872.7,1140.9,Correct
/srv/shared_leopard_toad/2025/Documents/22.09-29.09.2025/6R/105MEDIA/DSCF0674.JPG,DSCF0674.JPG,6R/105MEDIA,2,Western_Leopard_Toad,0.8862,1779.7,1686.8,2071.0,2024.6,Correct
/srv/shared_leopard_toad/2025/Documents/22.09-29.09.2025/6R/102MEDIA/DSCF0164.JPG,DSCF0164.JPG,6R/102MEDIA,0,Other_Amphibian,0.7258,433.0,850.9,801.6,1204.8,Correct
/srv/shared_leopard_toad/2025/Documents/22.09-29.09.2025/6R/102MEDIA/DSCF0171.JPG,DSCF0171.JPG,6R/102MEDIA,0,Other_Amphibian,0.519,418.5,262.3,697.0,653.4,Correct
/srv/shared_leopard_toad/2025/Documents/22.09-29.09.2025/6R/102MEDIA/DSCF0163.JPG,DSCF0163.JPG,6R/102MEDIA,0,Other_Amphibian,0.7074,415.1,816.8,783.4,1194.5,Correct
/srv/shared_leopard_toad/2025/Documents/22.09-29.09.2025/6R/102MEDIA/DSCF0172.JPG,DSCF0172.JPG,6R/102MEDIA,0,Other_Amphibian,0.4024,471.2,197.0,736.5,578.4,Correct
/srv/shared_leopard_toad/2025/Documents/22.09-29.09.2025/6R/102MEDIA/DSCF0170.JPG,DSCF0170.JPG,6R/102MEDIA,0,Other_Amphibian,0.6652,352.7,406.2,643.7,785.2,Correct
/srv/shared_leopard_toad/2025/Documents/22.09-29.09.2025/6R/108MEDIA/DSCF0972.JPG,DSCF0972.JPG,6R/108MEDIA,2,Western_Leopard_Toad,0.3956,1987.1,1175.3,2423.0,1422.5,Correct
/srv/shared_leopard_toad/2025/Documents/22.09-29.09.2025/6R/108MEDIA/DSCF0972.JPG,DSCF0972.JPG,6R/108MEDIA,2,Western_Leopard_Toad,0.2878,1989.3,1172.0,2216.3,1429.6,Correct
/srv/shared_leopard_toad/2025/Documents/22.09-29.09.2025/6R/106MEDIA/DSCF0514.JPG,DSCF0514.JPG,6R/106MEDIA,2,Western_Leopard_Toad,0.2514,2049.1,2652.2,2215.7,2847.6,Correct
/srv/shared_leopard_toad/2025/Documents/22.09-29.09.2025/5R/103MEDIA/DSCF0870.JPG,DSCF0870.JPG,5R/103MEDIA,2,Western_Leopard_Toad,0.274,2436.8,2358.2,2649.1,2540.4,Correct
/srv/shared_leopard_toad/2025/Documents/22.09-29.09.2025/5R/103MEDIA/DSCF0554.JPG,DSCF0554.JPG,5R/103MEDIA,2,Western_Leopard_Toad,0.5434,3390.5,88.6,3626.7,296.5,Correct
/srv/shared_leopard_toad/2025/Documents/22.09-29.09.2025/5R/102MEDIA/DSCF0015.JPG,DSCF0015.JPG,5R/102MEDIA,2,Western_Leopard_Toad,0.551,3274.4,2437.5,3486.1,2648.9,Correct
/srv/shared_leopard_toad/2025/Documents/22.09-29.09.2025/5R/101MEDIA/DSCF0918.JPG,DSCF0918.JPG,5R/101MEDIA,0,Other_Amphibian,0.2719,2925.3,2417.6,3160.1,2844.7,Correct
/srv/shared_leopard_toad/2025/Documents/22.09-29.09.2025/3Z/107MEDIA/DSCF0572.JPG,DSCF0572.JPG,3Z/107MEDIA,0,Other_Amphibian,0.3676,2089.3,1716.2,2679.7,2149.8,Correct
/srv/shared_leopard_toad/2025/Documents/22.09-29.09.2025/3Z/107MEDIA/DSCF0573.JPG,DSCF0573.JPG,3Z/107MEDIA,0,Other_Amphibian,0.2653,1861.2,1536.1,2430.5,2070.6,Correct
/srv/shared_leopard_toad/2025/Documents/22.09-29.09.2025/3Z/108MEDIA/DSCF0056.JPG,DSCF0056.JPG,3Z/108MEDIA,0,Other_Amphibian,0.3858,2179.6,2349.8,2379.4,2600.3,Correct
/srv/shared_leopard_toad/2025/Documents/22.09-29.09.2025/3Z/108MEDIA/DSCF0055.JPG,DSCF0055.JPG,3Z/108MEDIA,0,Other_Amphibian,0.3235,2177.8,2350.1,2385.6,2599.3,Correct
/srv/shared_leopard_toad/2025/Documents/22.09-29.09.2025/3Z/106MEDIA/DSCF0036.JPG,DSCF0036.JPG,3Z/106MEDIA,2,Western_Leopard_Toad,0.4929,5099.0,738.0,5376.0,1141.1,Correct
/srv/shared_leopard_toad/2025/Documents/22.09-29.09.2025/3Z/106MEDIA/DSCF0284.JPG,DSCF0284.JPG,3Z/106MEDIA,2,Western_Leopard_Toad,0.8746,3704.0,1891.4,4121.9,2238.3,Correct
/srv/shared_leopard_toad/2025/Documents/22.09-29.09.2025/3Z/106MEDIA/DSCF0625.JPG,DSCF0625.JPG,3Z/106MEDIA,0,Other_Amphibian,0.4452,3679.4,1534.9,3842.7,1704.7,Correct
/srv/shared_leopard_toad/2025/Documents/22.09-29.09.2025/3Z/109MEDIA/DSCF0190.JPG,DSCF0190.JPG,3Z/109MEDIA,0,Other_Amphibian,0.5892,2653.1,2284.0,2867.3,2546.9,Correct
/srv/shared_leopard_toad/2025/Documents/22.09-29.09.2025/4Z/103MEDIA/DSCF0853.JPG,DSCF0853.JPG,4Z/103MEDIA,0,Other_Amphibian,0.4912,3660.5,1969.8,3879.3,2204.4,Correct
/srv/shared_leopard_toad/2025/Documents/22.09-29.09.2025/4Z/102MEDIA/DSCF0256.JPG,DSCF0256.JPG,4Z/102MEDIA,0,Other_Amphibian,0.5412,3032.2,2330.0,3336.3,2755.8,Correct
/srv/shared_leopard_toad/2025/Documents/22.09-29.09.2025/4Z/102MEDIA/DSCF0258.JPG,DSCF0258.JPG,4Z/102MEDIA,0,Other_Amphibian,0.3815,3201.1,2065.7,3535.7,2457.4,Correct
/srv/shared_leopard_toad/2025/Documents/22.09-29.09.2025/4Z/102MEDIA/DSCF0255.JPG,DSCF0255.JPG,4Z/102MEDIA,0,Other_Amphibian,0.5006,2985.8,2473.2,3211.9,2851.2,Correct
/srv/shared_leopard_toad/2025/Documents/22.09-29.09.2025/4Z/102MEDIA/DSCF0257.JPG,DSCF0257.JPG,4Z/102MEDIA,0,Other_Amphibian,0.5229,3103.4,2196.2,3443.6,2593.1,Correct
/srv/shared_leopard_toad/2025/Documents/22.09-29.09.2025/4Z/106MEDIA/DSCF0216.JPG,DSCF0216.JPG,4Z/106MEDIA,0,Other_Amphibian,0.4343,3739.7,1443.7,3972.6,1698.2,Correct
/srv/shared_leopard_toad/2025/Documents/09.09.15.09.2025/6R/104MEDIA/DSCF0884.JPG,DSCF0884.JPG,6R/104MEDIA,0,Other_Amphibian,0.5991,2892.2,1062.9,3138.4,1308.6,Correct
/srv/shared_leopard_toad/2025/Documents/09.09.15.09.2025/6R/101MEDIA/DSCF0121.JPG,DSCF0121.JPG,6R/101MEDIA,2,Western_Leopard_Toad,0.2841,786.5,938.8,1136.8,1274.0,Correct
/srv/shared_leopard_toad/2025/Documents/09.09.15.09.2025/5R/102MEDIA/DSCF0713.JPG,DSCF0713.JPG,5R/102MEDIA,0,Other_Amphibian,0.7019,3590.8,2006.3,3804.8,2216.9,Correct
/srv/shared_leopard_toad/2025/Documents/09.09.15.09.2025/3Z/100MEDIA/DSCF0408.JPG,DSCF0408.JPG,3Z/100MEDIA,0,Other_Amphibian,0.3559,1445.0,2427.2,1726.6,2800.4,Correct
/srv/shared_leopard_toad/2025/Documents/06.10-13.10.2025/6R/103MEDIA/DSCF0173.JPG,DSCF0173.JPG,6R/103MEDIA,2,Western_Leopard_Toad,0.5458,3286.5,2550.4,3579.8,2855.1,Correct
/srv/shared_leopard_toad/2025/Documents/06.10-13.10.2025/6R/103MEDIA/DSCF0430.JPG,DSCF0430.JPG,6R/103MEDIA,2,Western_Leopard_Toad,0.7447,828.6,2658.6,1130.5,2866.4,Correct
/srv/shared_leopard_toad/2025/Documents/06.10-13.10.2025/6R/103MEDIA/DSCF0431.JPG,DSCF0431.JPG,6R/103MEDIA,2,Western_Leopard_Toad,0.6962,832.4,2659.6,1129.7,2865.9,Correct
/srv/shared_leopard_toad/2025/Documents/06.10-13.10.2025/6R/103MEDIA/DSCF0174.JPG,DSCF0174.JPG,6R/103MEDIA,2,Western_Leopard_Toad,0.4409,3177.3,2584.0,3507.5,2856.2,Correct
/srv/shared_leopard_toad/2025/Documents/06.10-13.10.2025/6R/103MEDIA/DSCF0175.JPG,DSCF0175.JPG,6R/103MEDIA,2,Western_Leopard_Toad,0.3568,3057.6,2498.2,3364.6,2800.0,Correct
/srv/shared_leopard_toad/2025/Documents/06.10-13.10.2025/6R/103MEDIA/DSCF0213.JPG,DSCF0213.JPG,6R/103MEDIA,2,Western_Leopard_Toad,0.6633,3844.9,192.9,4071.3,468.7,Correct
/srv/shared_leopard_toad/2025/Documents/06.10-13.10.2025/6R/104MEDIA/DSCF0446.JPG,DSCF0446.JPG,6R/104MEDIA,2,Western_Leopard_Toad,0.6225,3066.6,2635.5,3375.5,2856.4,Correct
/srv/shared_leopard_toad/2025/Documents/06.10-13.10.2025/6R/104MEDIA/DSCF0445.JPG,DSCF0445.JPG,6R/104MEDIA,2,Western_Leopard_Toad,0.6837,3068.1,2634.1,3377.8,2856.6,Correct
/srv/shared_leopard_toad/2025/Documents/06.10-13.10.2025/6R/104MEDIA/DSCF0448.JPG,DSCF0448.JPG,6R/104MEDIA,2,Western_Leopard_Toad,0.6718,3068.0,2637.0,3397.0,2858.3,Correct
/srv/shared_leopard_toad/2025/Documents/06.10-13.10.2025/6R/104MEDIA/DSCF0449.JPG,DSCF0449.JPG,6R/104MEDIA,2,Western_Leopard_Toad,0.6474,3067.8,2635.8,3396.7,2859.1,Correct
/srv/shared_leopard_toad/2025/Documents/06.10-13.10.2025/6R/104MEDIA/DSCF0465.JPG,DSCF0465.JPG,6R/104MEDIA,2,Western_Leopard_Toad,0.7448,4375.3,2060.6,4705.7,2357.0,Correct
/srv/shared_leopard_toad/2025/Documents/06.10-13.10.2025/6R/104MEDIA/DSCF0450.JPG,DSCF0450.JPG,6R/104MEDIA,2,Western_Leopard_Toad,0.5999,3076.7,2639.7,3386.9,2859.1,Correct
/srv/shared_leopard_toad/2025/Documents/06.10-13.10.2025/6R/104MEDIA/DSCF0444.JPG,DSCF0444.JPG,6R/104MEDIA,2,Western_Leopard_Toad,0.8412,3097.6,2453.0,3413.1,2851.3,Correct
/srv/shared_leopard_toad/2025/Documents/06.10-13.10.2025/6R/104MEDIA/DSCF0447.JPG,DSCF0447.JPG,6R/104MEDIA,2,Western_Leopard_Toad,0.4844,3067.1,2636.3,3392.0,2858.6,Correct
/srv/shared_leopard_toad/2025/Documents/06.10-13.10.2025/5R/107MEDIA/DSCF0071.JPG,DSCF0071.JPG,5R/107MEDIA,0,Other_Amphibian,0.4137,2372.4,1640.3,2626.5,1933.7,Correct
/srv/shared_leopard_toad/2025/Documents/06.10-13.10.2025/5R/104MEDIA/DSCF0921.JPG,DSCF0921.JPG,5R/104MEDIA,0,Other_Amphibian,0.6027,3946.7,1759.7,4127.0,1975.9,Correct
/srv/shared_leopard_toad/2025/Documents/06.10-13.10.2025/5R/106MEDIA/DSCF0350.JPG,DSCF0350.JPG,5R/106MEDIA,2,Western_Leopard_Toad,0.8251,3297.4,1876.2,3725.1,2195.5,Correct
/srv/shared_leopard_toad/2025/Documents/06.10-13.10.2025/5R/106MEDIA/DSCF0353.JPG,DSCF0353.JPG,5R/106MEDIA,2,Western_Leopard_Toad,0.4153,4744.3,2610.0,5082.3,2852.7,Correct
/srv/shared_leopard_toad/2025/Documents/06.10-13.10.2025/5R/106MEDIA/DSCF0366.JPG,DSCF0366.JPG,5R/106MEDIA,2,Western_Leopard_Toad,0.4605,4644.3,2251.9,4896.9,2558.7,Correct
/srv/shared_leopard_toad/2025/Documents/06.10-13.10.2025/5R/106MEDIA/DSCF0044.JPG,DSCF0044.JPG,5R/106MEDIA,2,Western_Leopard_Toad,0.9033,1674.0,1053.4,2067.8,1485.1,Correct
/srv/shared_leopard_toad/2025/Documents/06.10-13.10.2025/5R/106MEDIA/DSCF0346.JPG,DSCF0346.JPG,5R/106MEDIA,2,Western_Leopard_Toad,0.8912,2955.8,1867.4,3329.8,2275.2,Correct
/srv/shared_leopard_toad/2025/Documents/06.10-13.10.2025/5R/106MEDIA/DSCF0365.JPG,DSCF0365.JPG,5R/106MEDIA,2,Western_Leopard_Toad,0.32,4646.2,2253.7,4896.5,2559.9,Correct
/srv/shared_leopard_toad/2025/Documents/06.10-13.10.2025/5R/106MEDIA/DSCF0349.JPG,DSCF0349.JPG,5R/106MEDIA,2,Western_Leopard_Toad,0.7895,3299.6,1875.2,3724.6,2197.8,Correct
/srv/shared_leopard_toad/2025/Documents/06.10-13.10.2025/5R/106MEDIA/DSCF0687.JPG,DSCF0687.JPG,5R/106MEDIA,2,Western_Leopard_Toad,0.8434,3018.8,1091.3,3403.0,1537.0,Correct
/srv/shared_leopard_toad/2025/Documents/06.10-13.10.2025/5R/106MEDIA/DSCF0032.JPG,DSCF0032.JPG,5R/106MEDIA,0,Other_Amphibian,0.3468,4082.9,394.8,4292.3,600.5,Correct
/srv/shared_leopard_toad/2025/Documents/06.10-13.10.2025/5R/106MEDIA/DSCF0352.JPG,DSCF0352.JPG,5R/106MEDIA,2,Western_Leopard_Toad,0.8797,3697.4,2240.3,4114.9,2579.3,Correct
/srv/shared_leopard_toad/2025/Documents/06.10-13.10.2025/5R/106MEDIA/DSCF0348.JPG,DSCF0348.JPG,5R/106MEDIA,2,Western_Leopard_Toad,0.8075,3299.1,1875.3,3724.2,2195.2,Correct
/srv/shared_leopard_toad/2025/Documents/06.10-13.10.2025/5R/106MEDIA/DSCF0351.JPG,DSCF0351.JPG,5R/106MEDIA,2,Western_Leopard_Toad,0.8219,3297.3,1875.5,3726.3,2198.3,Correct
/srv/shared_leopard_toad/2025/Documents/06.10-13.10.2025/5R/106MEDIA/DSCF0367.JPG,DSCF0367.JPG,5R/106MEDIA,2,Western_Leopard_Toad,0.531,4646.3,2251.2,4895.7,2559.0,Correct
/srv/shared_leopard_toad/2025/Documents/06.10-13.10.2025/5R/106MEDIA/DSCF0347.JPG,DSCF0347.JPG,5R/106MEDIA,2,Western_Leopard_Toad,0.8206,3300.4,1876.1,3724.0,2195.7,Correct
/srv/shared_leopard_toad/2025/Documents/06.10-13.10.2025/3Z/105MEDIA/DSCF0393.JPG,DSCF0393.JPG,3Z/105MEDIA,0,Other_Amphibian,0.512,4127.8,1727.0,4454.2,2194.5,Correct
/srv/shared_leopard_toad/2025/Documents/06.10-13.10.2025/3Z/105MEDIA/DSCF0837.JPG,DSCF0837.JPG,3Z/105MEDIA,0,Other_Amphibian,0.6972,2615.9,2146.9,2883.0,2498.2,Correct
/srv/shared_leopard_toad/2025/Documents/06.10-13.10.2025/3Z/105MEDIA/DSCF0799.JPG,DSCF0799.JPG,3Z/105MEDIA,2,Western_Leopard_Toad,0.3656,2826.3,498.4,3171.7,843.2,Correct
/srv/shared_leopard_toad/2025/Documents/06.10-13.10.2025/3Z/105MEDIA/DSCF0836.JPG,DSCF0836.JPG,3Z/105MEDIA,0,Other_Amphibian,0.6576,2653.6,1614.0,2956.1,1979.3,Correct
/srv/shared_leopard_toad/2025/Documents/06.10-13.10.2025/3Z/108MEDIA/DSCF0983.JPG,DSCF0983.JPG,3Z/108MEDIA,0,Other_Amphibian,0.3257,3650.5,2014.5,3839.2,2192.3,Correct
/srv/shared_leopard_toad/2025/Documents/06.10-13.10.2025/3Z/108MEDIA/DSCF0981.JPG,DSCF0981.JPG,3Z/108MEDIA,0,Other_Amphibian,0.3345,3654.6,2014.8,3840.1,2193.0,Correct
/srv/shared_leopard_toad/2025/Documents/06.10-13.10.2025/3Z/108MEDIA/DSCF0982.JPG,DSCF0982.JPG,3Z/108MEDIA,0,Other_Amphibian,0.2653,3655.4,2015.3,3840.2,2193.9,Correct
/srv/shared_leopard_toad/2025/Documents/06.10-13.10.2025/3Z/108MEDIA/DSCF0985.JPG,DSCF0985.JPG,3Z/108MEDIA,0,Other_Amphibian,0.2851,3651.9,2014.9,3839.5,2193.3,Correct
/srv/shared_leopard_toad/2025/Documents/06.10-13.10.2025/3Z/108MEDIA/DSCF0987.JPG,DSCF0987.JPG,3Z/108MEDIA,0,Other_Amphibian,0.2854,3649.9,2014.3,3840.4,2191.9,Correct
/srv/shared_leopard_toad/2025/Documents/06.10-13.10.2025/3Z/106MEDIA/DSCF0428.JPG,DSCF0428.JPG,3Z/106MEDIA,0,Other_Amphibian,0.4881,2787.8,2037.0,2964.3,2244.0,Correct
/srv/shared_leopard_toad/2025/Documents/06.10-13.10.2025/3Z/106MEDIA/DSCF0427.JPG,DSCF0427.JPG,3Z/106MEDIA,0,Other_Amphibian,0.6606,2787.7,2037.3,2964.6,2243.5,Correct
/srv/shared_leopard_toad/2025/Documents/06.10-13.10.2025/4Z/105MEDIA/DSCF0445.JPG,DSCF0445.JPG,4Z/105MEDIA,0,Other_Amphibian,0.3375,3555.8,2005.7,3882.3,2405.9,Correct
/srv/shared_leopard_toad/2025/Documents/06.10-13.10.2025/4Z/104MEDIA/DSCF0398.JPG,DSCF0398.JPG,4Z/104MEDIA,2,Western_Leopard_Toad,0.5447,4525.0,2433.0,5158.9,2856.0,Correct
/srv/shared_leopard_toad/2025/Documents/06.10-13.10.2025/4Z/102MEDIA/DSCF0358.JPG,DSCF0358.JPG,4Z/102MEDIA,0,Other_Amphibian,0.4016,1684.7,1293.1,2047.3,1665.6,Correct
/srv/shared_leopard_toad/2025/Documents/06.10-13.10.2025/4Z/102MEDIA/DSCF0362.JPG,DSCF0362.JPG,4Z/102MEDIA,0,Other_Amphibian,0.3658,2047.5,1084.5,2442.3,1431.5,Correct
/srv/shared_leopard_toad/2025/Documents/06.10-13.10.2025/4Z/102MEDIA/DSCF0369.JPG,DSCF0369.JPG,4Z/102MEDIA,0,Other_Amphibian,0.4153,2734.3,800.0,3110.7,1137.2,Correct
/srv/shared_leopard_toad/2025/Documents/06.10-13.10.2025/4Z/102MEDIA/DSCF0363.JPG,DSCF0363.JPG,4Z/102MEDIA,0,Other_Amphibian,0.7399,2175.4,987.6,2561.2,1345.2,Correct
/srv/shared_leopard_toad/2025/Documents/06.10-13.10.2025/4Z/101MEDIA/DSCF0892.JPG,DSCF0892.JPG,4Z/101MEDIA,0,Other_Amphibian,0.2986,4312.4,1781.1,4560.9,2244.0,Correct
/srv/shared_leopard_toad/2025/Documents/06.10-13.10.2025/4Z/101MEDIA/DSCF0894.JPG,DSCF0894.JPG,4Z/101MEDIA,0,Other_Amphibian,0.3373,4349.3,1284.7,4754.2,1726.4,Correct
/srv/shared_leopard_toad/2025/Documents/06.10-13.10.2025/4Z/101MEDIA/DSCF0893.JPG,DSCF0893.JPG,4Z/101MEDIA,0,Other_Amphibian,0.7328,4310.8,1563.3,4668.4,2015.9,Correct
/srv/shared_leopard_toad/2025/Documents/06.10-13.10.2025/4Z/106MEDIA/DSCF0029.JPG,DSCF0029.JPG,4Z/106MEDIA,2,Western_Leopard_Toad,0.4246,992.7,2016.0,1594.5,2621.2,Correct
/srv/shared_leopard_toad/2025/Documents/06.10-13.10.2025/4Z/106MEDIA/DSCF0090.JPG,DSCF0090.JPG,4Z/106MEDIA,2,Western_Leopard_Toad,0.7799,1843.0,43.5,2592.2,617.1,Correct
/srv/shared_leopard_toad/2025/Documents/06.10-13.10.2025/4Z/109MEDIA/DSCF0273.JPG,DSCF0273.JPG,4Z/109MEDIA,2,Western_Leopard_Toad,0.782,3131.2,840.7,3692.7,1359.1,Correct
/srv/shared_leopard_toad/2025/Documents/06.10-13.10.2025/4Z/109MEDIA/DSCF0428.JPG,DSCF0428.JPG,4Z/109MEDIA,2,Western_Leopard_Toad,0.748,4628.9,954.9,5065.1,1371.2,Correct
/srv/shared_leopard_toad/2025/Documents/06.10-13.10.2025/4Z/100MEDIA/DSCF0830.JPG,DSCF0830.JPG,4Z/100MEDIA,0,Other_Amphibian,0.5337,2335.3,1750.0,2578.0,2010.5,Correct
/srv/shared_leopard_toad/2025/Documents/06.10-13.10.2025/4Z/100MEDIA/DSCF0170.JPG,DSCF0170.JPG,4Z/100MEDIA,0,Other_Amphibian,0.2696,1702.2,462.8,2027.3,721.3,Correct
/srv/shared_leopard_toad/2025/Documents/15.09-22.09.2025/6R/107MEDIA/DSCF0461.JPG,DSCF0461.JPG,6R/107MEDIA,0,Other_Amphibian,0.3159,2870.7,2355.2,3068.3,2556.4,Correct
/srv/shared_leopard_toad/2025/Documents/15.09-22.09.2025/6R/100MEDIA/DSCF0169.JPG,DSCF0169.JPG,6R/100MEDIA,0,Other_Amphibian,0.5928,2814.4,1408.8,3035.7,1636.5,Correct
/srv/shared_leopard_toad/2025/Documents/15.09-22.09.2025/5R/100MEDIA/DSCF0511.JPG,DSCF0511.JPG,5R/100MEDIA,2,Western_Leopard_Toad,0.7939,3181.3,656.3,3957.1,1304.9,Correct
/srv/shared_leopard_toad/2025/Documents/15.09-22.09.2025/5R/100MEDIA/DSCF0086.JPG,DSCF0086.JPG,5R/100MEDIA,2,Western_Leopard_Toad,0.9006,2448.8,2281.3,2812.9,2701.0,Correct
/srv/shared_leopard_toad/2025/Documents/15.09-22.09.2025/5R/100MEDIA/DSCF0088.JPG,DSCF0088.JPG,5R/100MEDIA,2,Western_Leopard_Toad,0.657,2487.4,2274.2,2825.6,2695.3,Correct
/srv/shared_leopard_toad/2025/Documents/15.09-22.09.2025/5R/100MEDIA/DSCF0087.JPG,DSCF0087.JPG,5R/100MEDIA,2,Western_Leopard_Toad,0.5407,2476.6,2285.2,2827.3,2699.0,Correct
/srv/shared_leopard_toad/2025/Documents/15.09-22.09.2025/5R/100MEDIA/DSCF0860.JPG,DSCF0860.JPG,5R/100MEDIA,0,Other_Amphibian,0.577,4274.7,1306.3,4494.5,1548.3,Correct
/srv/shared_leopard_toad/2025/Documents/15.09-22.09.2025/5R/100MEDIA/DSCF0138.JPG,DSCF0138.JPG,5R/100MEDIA,2,Western_Leopard_Toad,0.6851,2725.3,2573.6,3101.5,2857.9,Correct
/srv/shared_leopard_toad/2025/Documents/15.09-22.09.2025/3Z/107MEDIA/DSCF0036.JPG,DSCF0036.JPG,3Z/107MEDIA,2,Western_Leopard_Toad,0.8748,2670.6,2210.7,2995.7,2654.5,Correct
/srv/shared_leopard_toad/2025/Documents/15.09-22.09.2025/3Z/107MEDIA/DSCF0035.JPG,DSCF0035.JPG,3Z/107MEDIA,0,Other_Amphibian,0.4623,2525.8,1955.1,2980.4,2551.4,Correct
/srv/shared_leopard_toad/2025/Documents/15.09-22.09.2025/3Z/106MEDIA/DSCF0284.JPG,DSCF0284.JPG,3Z/106MEDIA,2,Western_Leopard_Toad,0.805,1998.7,1549.2,2423.9,2052.6,Correct
/srv/shared_leopard_toad/2025/Documents/15.09-22.09.2025/3Z/106MEDIA/DSCF0283.JPG,DSCF0283.JPG,3Z/106MEDIA,2,Western_Leopard_Toad,0.8166,1998.1,1550.1,2424.5,2051.2,Correct
/srv/shared_leopard_toad/2025/Documents/15.09-22.09.2025/4Z/102MEDIA/DSCF0637.JPG,DSCF0637.JPG,4Z/102MEDIA,0,Other_Amphibian,0.6409,3047.1,170.5,3356.4,592.5,Correct
/srv/shared_leopard_toad/2025/Documents/15.09-22.09.2025/4Z/102MEDIA/DSCF0630.JPG,DSCF0630.JPG,4Z/102MEDIA,0,Other_Amphibian,0.5712,2804.7,1126.1,3179.2,1556.5,Correct
/srv/shared_leopard_toad/2025/Documents/15.09-22.09.2025/4Z/102MEDIA/DSCF0628.JPG,DSCF0628.JPG,4Z/102MEDIA,0,Other_Amphibian,0.2815,2649.5,1258.3,3151.6,1775.4,Correct
/srv/shared_leopard_toad/2025/Documents/15.09-22.09.2025/4Z/108MEDIA/DSCF0782.JPG,DSCF0782.JPG,4Z/108MEDIA,0,Other_Amphibian,0.7484,2644.4,1751.3,2874.8,2005.8,Correct
/srv/shared_leopard_toad/2025/Documents/15.09-22.09.2025/4Z/108MEDIA/DSCF0783.JPG,DSCF0783.JPG,4Z/108MEDIA,0,Other_Amphibian,0.8636,2650.6,1750.2,2882.1,2007.5,Correct
/srv/shared_leopard_toad/2025/Documents/15.09-22.09.2025/4Z/100MEDIA/DSCF0260.JPG,DSCF0260.JPG,4Z/100MEDIA,2,Western_Leopard_Toad,0.6621,2783.2,1941.9,3098.2,2273.6,Correct
/srv/shared_leopard_toad/2025/Documents/01.09.09.09.2025/6R/100MEDIA/DSCF0397.JPG,DSCF0397.JPG,6R/100MEDIA,2,Western_Leopard_Toad,0.2623,1973.9,896.0,2274.1,1230.9,Correct
/srv/shared_leopard_toad/2025/Documents/01.09.09.09.2025/5R/103MEDIA/DSCF0651.JPG,DSCF0651.JPG,5R/103MEDIA,0,Other_Amphibian,0.6034,2262.5,1496.6,2488.8,1754.1,Correct
/srv/shared_leopard_toad/2025/Documents/01.09.09.09.2025/5R/103MEDIA/DSCF0650.JPG,DSCF0650.JPG,5R/103MEDIA,0,Other_Amphibian,0.6447,2262.3,1496.1,2490.6,1755.0,Correct
/srv/shared_leopard_toad/2025/Documents/01.09.09.09.2025/5R/103MEDIA/DSCF0652.JPG,DSCF0652.JPG,5R/103MEDIA,0,Other_Amphibian,0.5349,2260.3,1496.3,2489.5,1754.4,Correct
/srv/shared_leopard_toad/2025/Documents/01.09.09.09.2025/5R/107MEDIA/DSCF0899.JPG,DSCF0899.JPG,5R/107MEDIA,2,Western_Leopard_Toad,0.5741,2569.9,2500.9,2914.9,2857.8,Correct
/srv/shared_leopard_toad/2025/Documents/01.09.09.09.2025/5R/107MEDIA/DSCF0881.JPG,DSCF0881.JPG,5R/107MEDIA,2,Western_Leopard_Toad,0.6836,1978.2,2504.2,2273.7,2854.6,Correct
/srv/shared_leopard_toad/2025/Documents/01.09.09.09.2025/5R/108MEDIA/DSCF0464.JPG,DSCF0464.JPG,5R/108MEDIA,2,Western_Leopard_Toad,0.2783,830.1,1327.2,1173.6,1708.2,Correct
/srv/shared_leopard_toad/2025/Documents/01.09.09.09.2025/3Z/105MEDIA/DSCF0662.JPG,DSCF0662.JPG,3Z/105MEDIA,2,Western_Leopard_Toad,0.8341,2957.3,1780.8,3329.3,2230.4,Correct
/srv/shared_leopard_toad/2025/Documents/01.09.09.09.2025/3Z/110MEDIA/DSCF0004.JPG,DSCF0004.JPG,3Z/110MEDIA,0,Other_Amphibian,0.2507,1586.0,2448.4,1792.6,2615.1,Correct
/srv/shared_leopard_toad/2025/Documents/01.09.09.09.2025/3Z/110MEDIA/DSCF0002.JPG,DSCF0002.JPG,3Z/110MEDIA,0,Other_Amphibian,0.2529,1597.0,2417.2,1794.9,2620.2,Correct
/srv/shared_leopard_toad/2025/Documents/01.09.09.09.2025/4Z/103MEDIA/DSCF0247.JPG,DSCF0247.JPG,4Z/103MEDIA,0,Other_Amphibian,0.6636,3291.3,1492.9,3562.8,1772.5,Correct
/srv/shared_leopard_toad/2025/Documents/01.09.09.09.2025/4Z/110MEDIA/DSCF0746.JPG,DSCF0746.JPG,4Z/110MEDIA,0,Other_Amphibian,0.6382,3719.5,0.0,4025.9,266.2,Correct
/srv/shared_leopard_toad/2025/Documents/01.09.09.09.2025/4Z/100MEDIA/DSCF0279.JPG,DSCF0279.JPG,4Z/100MEDIA,2,Western_Leopard_Toad,0.2532,3295.6,2686.5,3510.2,2854.7,Correct
/srv/shared_leopard_toad/2025/Documents/01.09.09.09.2025/4Z/100MEDIA/DSCF0282.JPG,DSCF0282.JPG,4Z/100MEDIA,2,Western_Leopard_Toad,0.498,3291.8,2686.3,3513.1,2856.1,Correct
/srv/shared_leopard_toad/2025/Documents/01.09.09.09.2025/4Z/100MEDIA/DSCF0286.JPG,DSCF0286.JPG,4Z/100MEDIA,2,Western_Leopard_Toad,0.4414,3294.9,2686.2,3510.8,2855.2,Correct
/srv/shared_leopard_toad/2025/Documents/01.09.09.09.2025/4Z/100MEDIA/DSCF0284.JPG,DSCF0284.JPG,4Z/100MEDIA,2,Western_Leopard_Toad,0.5043,3293.8,2685.8,3512.7,2855.7,Correct
/srv/shared_leopard_toad/2025/Documents/01.09.09.09.2025/4Z/100MEDIA/DSCF0280.JPG,DSCF0280.JPG,4Z/100MEDIA,2,Western_Leopard_Toad,0.3697,3296.3,2686.6,3514.6,2855.5,Correct
/srv/shared_leopard_toad/2025/Documents/01.09.09.09.2025/4Z/100MEDIA/DSCF0278.JPG,DSCF0278.JPG,4Z/100MEDIA,2,Western_Leopard_Toad,0.3703,3294.9,2685.9,3511.9,2855.1,Correct
/srv/shared_leopard_toad/2025/Documents/01.09.09.09.2025/4Z/100MEDIA/DSCF0277.JPG,DSCF0277.JPG,4Z/100MEDIA,2,Western_Leopard_Toad,0.4188,3295.2,2686.0,3511.8,2855.6,Correct
/srv/shared_leopard_toad/2025/Documents/01.09.09.09.2025/4Z/100MEDIA/DSCF0283.JPG,DSCF0283.JPG,4Z/100MEDIA,2,Western_Leopard_Toad,0.4172,3295.4,2686.0,3512.6,2855.3,Correct
/srv/shared_leopard_toad/2025/Documents/01.09.09.09.2025/4Z/100MEDIA/DSCF0285.JPG,DSCF0285.JPG,4Z/100MEDIA,2,Western_Leopard_Toad,0.409,3295.0,2685.5,3516.9,2855.5,Correct
/srv/shared_leopard_toad/2025/Documents/01.09.09.09.2025/4Z/100MEDIA/DSCF0281.JPG,DSCF0281.JPG,4Z/100MEDIA,2,Western_Leopard_Toad,0.3803,3294.7,2686.3,3511.6,2855.3,Correct
/srv/shared_leopard_toad/2025/Documents/01.09.09.09.2025/4Z/100MEDIA/DSCF0276.JPG,DSCF0276.JPG,4Z/100MEDIA,2,Western_Leopard_Toad,0.2905,3296.3,2686.0,3512.9,2855.0,Correct
/srv/shared_leopard_toad/2025/Documents/25.08-01.09.2025/6R/101MEDIA/DSCF0602.JPG,DSCF0602.JPG,6R/101MEDIA,1,Small_Mammal,0.3155,846.1,217.4,2944.1,2833.9,Correct
/srv/shared_leopard_toad/2025/Documents/25.08-01.09.2025/6R/101MEDIA/DSCF0602.JPG,DSCF0602.JPG,6R/101MEDIA,1,Small_Mammal,0.2576,737.4,0.0,3430.3,2866.2,Correct
/srv/shared_leopard_toad/2025/Documents/25.08-01.09.2025/5R/101MEDIA/DSCF0813.JPG,DSCF0813.JPG,5R/101MEDIA,2,Western_Leopard_Toad,0.6156,2799.2,1659.5,3178.3,2073.6,Correct
/srv/shared_leopard_toad/2025/Documents/25.08-01.09.2025/3Z/100MEDIA/DSCF0013.JPG,DSCF0013.JPG,3Z/100MEDIA,1,Small_Mammal,0.267,3303.2,431.6,5296.2,2811.1,Correct
/srv/shared_leopard_toad/2025/Documents/25.08-01.09.2025/4Z/100MEDIA/DSCF0721.JPG,DSCF0721.JPG,4Z/100MEDIA,2,Western_Leopard_Toad,0.8891,1856.5,1530.7,2282.4,2010.2,Correct
/srv/shared_leopard_toad/2025/Documents/25.08-01.09.2025/3R/102MEDIA/DSCF0160.JPG,DSCF0160.JPG,3R/102MEDIA,1,Small_Mammal,0.9335,1452.4,447.5,2173.6,1104.2,Correct
/srv/shared_leopard_toad/2025/Documents/25.08-01.09.2025/3R/100MEDIA/DSCF0005.JPG,DSCF0005.JPG,3R/100MEDIA,1,Small_Mammal,0.3618,0.0,515.2,1967.4,2871.5,Correct
/srv/shared_leopard_toad/2025/Documents/25.08-01.09.2025/3R/100MEDIA/DSCF0005.JPG,DSCF0005.JPG,3R/100MEDIA,1,Small_Mammal,0.314,0.0,0.0,2388.0,2884.9,Correct
/srv/shared_leopard_toad/2025/Documents/25.08-01.09.2025/3R/100MEDIA/DSCF0434.JPG,DSCF0434.JPG,3R/100MEDIA,0,Other_Amphibian,0.8836,3598.0,349.5,3888.6,702.9,Correct
/srv/shared_leopard_toad/2025/Documents/25.08-01.09.2025/3R/100MEDIA/DSCF0435.JPG,DSCF0435.JPG,3R/100MEDIA,0,Other_Amphibian,0.9016,3600.1,348.6,3888.5,700.2,Correct
/srv/shared_leopard_toad/2025/Documents/04.08.2025/5R/100MEDIA/DSCF0451.JPG,DSCF0451.JPG,5R/100MEDIA,0,Other_Amphibian,0.8632,2322.6,1399.8,2531.6,1635.5,Correct
/srv/shared_leopard_toad/2025/Documents/04.08.2025/5R/100MEDIA/DSCF0448.JPG,DSCF0448.JPG,5R/100MEDIA,0,Other_Amphibian,0.805,2321.1,1405.1,2528.8,1648.0,Correct
/srv/shared_leopard_toad/2025/Documents/04.08.2025/5R/100MEDIA/DSCF0449.JPG,DSCF0449.JPG,5R/100MEDIA,0,Other_Amphibian,0.867,2319.8,1400.1,2528.6,1645.4,Correct
/srv/shared_leopard_toad/2025/Documents/04.08.2025/5R/100MEDIA/DSCF0804.JPG,DSCF0804.JPG,5R/100MEDIA,0,Other_Amphibian,0.4478,2328.5,1273.3,2516.1,1477.0,Correct
/srv/shared_leopard_toad/2025/Documents/04.08.2025/5R/100MEDIA/DSCF0452.JPG,DSCF0452.JPG,5R/100MEDIA,0,Other_Amphibian,0.8591,2319.9,1400.4,2532.3,1637.5,Correct
/srv/shared_leopard_toad/2025/Documents/04.08.2025/5R/100MEDIA/DSCF0450.JPG,DSCF0450.JPG,5R/100MEDIA,0,Other_Amphibian,0.8696,2322.9,1400.6,2532.1,1635.0,Correct
/srv/shared_leopard_toad/2025/Documents/04.08.2025/5R/100MEDIA/DSCF0447.JPG,DSCF0447.JPG,5R/100MEDIA,0,Other_Amphibian,0.8338,2333.4,1408.5,2522.1,1631.6,Correct
/srv/shared_leopard_toad/2025/Documents/21-28.08.2025/6R/103MEDIA/DSCF0691.JPG,DSCF0691.JPG,6R/103MEDIA,0,Other_Amphibian,0.444,1969.8,2499.2,2238.6,2779.6,Correct
/srv/shared_leopard_toad/2025/Documents/21-28.08.2025/6R/104MEDIA/DSCF0290.JPG,DSCF0290.JPG,6R/104MEDIA,0,Other_Amphibian,0.5335,480.9,2228.8,750.2,2567.2,Correct
/srv/shared_leopard_toad/2025/Documents/21-28.08.2025/6R/104MEDIA/DSCF0289.JPG,DSCF0289.JPG,6R/104MEDIA,0,Other_Amphibian,0.485,605.9,2361.3,855.5,2645.8,Correct
/srv/shared_leopard_toad/2025/Documents/21-28.08.2025/6R/100MEDIA/DSCF0001.JPG,DSCF0001.JPG,6R/100MEDIA,1,Small_Mammal,0.3367,1119.6,134.1,3484.8,2830.8,Correct
/srv/shared_leopard_toad/2025/Documents/21-28.08.2025/5R/100MEDIA/DSCF0450.JPG,DSCF0450.JPG,5R/100MEDIA,2,Western_Leopard_Toad,0.7467,1898.4,2501.1,2561.3,2857.3,Correct
/srv/shared_leopard_toad/2025/Documents/21-28.08.2025/4Z/101MEDIA/DSCF0981.JPG,DSCF0981.JPG,4Z/101MEDIA,2,Western_Leopard_Toad,0.7011,4565.2,77.3,5186.7,750.3,Correct
/srv/shared_leopard_toad/2025/Documents/21-28.08.2025/4Z/101MEDIA/DSCF0944.JPG,DSCF0944.JPG,4Z/101MEDIA,2,Western_Leopard_Toad,0.8649,1687.1,1490.6,2092.6,1955.0,Correct
/srv/shared_leopard_toad/2025/Documents/29.09.06.10.2025/3Z/107MEDIA/DSCF0045.JPG,DSCF0045.JPG,3Z/107MEDIA,2,Western_Leopard_Toad,0.3075,2430.3,2382.7,2675.6,2587.2,Correct
/srv/shared_leopard_toad/2025/Documents/29.09.06.10.2025/3Z/107MEDIA/DSCF0363.JPG,DSCF0363.JPG,3Z/107MEDIA,0,Other_Amphibian,0.6257,1267.7,1226.7,1462.6,1444.2,Correct
/srv/shared_leopard_toad/2025/Documents/29.09.06.10.2025/3Z/107MEDIA/DSCF0727.JPG,DSCF0727.JPG,3Z/107MEDIA,0,Other_Amphibian,0.335,2677.8,904.9,3055.4,1352.1,Correct
/srv/shared_leopard_toad/2025/Documents/29.09.06.10.2025/4Z/103MEDIA/DSCF0293.JPG,DSCF0293.JPG,4Z/103MEDIA,0,Other_Amphibian,0.8138,1573.8,209.8,1890.5,598.8,Correct
/srv/shared_leopard_toad/2025/Documents/29.09.06.10.2025/4Z/103MEDIA/DSCF0111.JPG,DSCF0111.JPG,4Z/103MEDIA,0,Other_Amphibian,0.4234,1393.8,202.6,1838.9,662.3,Correct
/srv/shared_leopard_toad/2025/Documents/29.09.06.10.2025/4Z/100MEDIA/DSCF0553.JPG,DSCF0553.JPG,4Z/100MEDIA,2,Western_Leopard_Toad,0.7777,3832.1,199.6,4271.6,630.4,Correct
/srv/shared_leopard_toad/2025/Documents/29.09.06.10.2025/4Z/100MEDIA/DSCF0511.JPG,DSCF0511.JPG,4Z/100MEDIA,0,Other_Amphibian,0.5237,3842.9,353.3,4135.0,722.0,Correct
/srv/shared_leopard_toad/2025/Documents/29.09.06.10.2025/4Z/100MEDIA/DSCF0552.JPG,DSCF0552.JPG,4Z/100MEDIA,2,Western_Leopard_Toad,0.8185,3827.4,205.0,4269.3,631.9,Correct
/srv/shared_leopard_toad/2024/23.08.2024/5R/102MEDIA/DSCF0019.JPG,DSCF0019.JPG,5R/102MEDIA,2,Western_Leopard_Toad,0.7277,2138.9,1625.6,2649.6,2282.5,Correct
/srv/shared_leopard_toad/2024/23.08.2024/4Z/103MEDIA/DSCF0404.JPG,DSCF0404.JPG,4Z/103MEDIA,0,Other_Amphibian,0.3774,1402.7,51.2,1654.1,348.2,Correct
/srv/shared_leopard_toad/2024/18.11.2024/6R/103MEDIA/DSCF0827.JPG,DSCF0827.JPG,6R/103MEDIA,2,Western_Leopard_Toad,0.5913,1988.8,1366.0,2322.0,1806.4,Correct
/srv/shared_leopard_toad/2024/18.11.2024/6R/103MEDIA/DSCF0822.JPG,DSCF0822.JPG,6R/103MEDIA,2,Western_Leopard_Toad,0.4736,1992.1,1361.0,2318.3,1807.1,Correct
/srv/shared_leopard_toad/2024/18.11.2024/6R/103MEDIA/DSCF0817.JPG,DSCF0817.JPG,6R/103MEDIA,2,Western_Leopard_Toad,0.4829,1990.1,1368.2,2314.8,1813.4,Correct
/srv/shared_leopard_toad/2024/18.11.2024/6R/103MEDIA/DSCF0825.JPG,DSCF0825.JPG,6R/103MEDIA,2,Western_Leopard_Toad,0.4195,1989.2,1361.4,2317.1,1807.1,Correct
/srv/shared_leopard_toad/2024/18.11.2024/6R/103MEDIA/DSCF0814.JPG,DSCF0814.JPG,6R/103MEDIA,2,Western_Leopard_Toad,0.2612,1992.8,1364.7,2317.6,1812.9,Correct
/srv/shared_leopard_toad/2024/18.11.2024/6R/103MEDIA/DSCF0815.JPG,DSCF0815.JPG,6R/103MEDIA,2,Western_Leopard_Toad,0.2566,1994.6,1368.3,2320.8,1811.3,Correct
/srv/shared_leopard_toad/2024/18.11.2024/6R/103MEDIA/DSCF0818.JPG,DSCF0818.JPG,6R/103MEDIA,2,Western_Leopard_Toad,0.2603,1990.6,1371.3,2319.1,1813.9,Correct
/srv/shared_leopard_toad/2024/18.11.2024/6R/103MEDIA/DSCF0819.JPG,DSCF0819.JPG,6R/103MEDIA,2,Western_Leopard_Toad,0.6152,1989.5,1372.5,2321.9,1809.1,Correct
/srv/shared_leopard_toad/2024/18.11.2024/6R/103MEDIA/DSCF0819.JPG,DSCF0819.JPG,6R/103MEDIA,2,Western_Leopard_Toad,0.5446,1989.3,1374.2,2463.5,1807.8,Correct
/srv/shared_leopard_toad/2024/18.11.2024/6R/105MEDIA/DSCF0233.JPG,DSCF0233.JPG,6R/105MEDIA,0,Other_Amphibian,0.2673,3523.7,2174.8,3717.4,2363.9,Correct
/srv/shared_leopard_toad/2024/18.11.2024/6R/105MEDIA/DSCF0191.JPG,DSCF0191.JPG,6R/105MEDIA,2,Western_Leopard_Toad,0.7463,230.9,1352.1,629.8,1777.8,Correct
/srv/shared_leopard_toad/2024/18.11.2024/6R/104MEDIA/DSCF0926.JPG,DSCF0926.JPG,6R/104MEDIA,0,Other_Amphibian,0.3108,2610.2,2259.9,2807.5,2446.1,Correct
/srv/shared_leopard_toad/2024/18.11.2024/6R/102MEDIA/DSCF0008.JPG,DSCF0008.JPG,6R/102MEDIA,2,Western_Leopard_Toad,0.8959,852.3,841.1,1260.7,1374.2,Correct
/srv/shared_leopard_toad/2024/18.11.2024/6R/102MEDIA/DSCF0010.JPG,DSCF0010.JPG,6R/102MEDIA,2,Western_Leopard_Toad,0.9232,518.4,2066.2,894.9,2354.0,Correct
/srv/shared_leopard_toad/2024/18.11.2024/6R/102MEDIA/DSCF0009.JPG,DSCF0009.JPG,6R/102MEDIA,2,Western_Leopard_Toad,0.9033,667.0,2036.5,1048.9,2424.7,Correct
/srv/shared_leopard_toad/2024/18.11.2024/5R/103MEDIA/DSCF0676.JPG,DSCF0676.JPG,5R/103MEDIA,2,Western_Leopard_Toad,0.7486,3563.8,1957.6,3872.8,2306.4,Correct
/srv/shared_leopard_toad/2024/18.11.2024/5R/100MEDIA/DSCF0107.JPG,DSCF0107.JPG,5R/100MEDIA,2,Western_Leopard_Toad,0.8943,3062.5,763.6,3407.0,1146.6,Correct
/srv/shared_leopard_toad/2024/18.11.2024/5R/100MEDIA/DSCF0108.JPG,DSCF0108.JPG,5R/100MEDIA,2,Western_Leopard_Toad,0.8892,3061.9,764.0,3405.0,1148.5,Correct
/srv/shared_leopard_toad/2024/18.11.2024/3Z/103MEDIA/DSCF0726.JPG,DSCF0726.JPG,3Z/103MEDIA,2,Western_Leopard_Toad,0.7654,2588.0,330.4,2900.6,694.0,Correct
/srv/shared_leopard_toad/2024/18.11.2024/3Z/103MEDIA/DSCF0313.JPG,DSCF0313.JPG,3Z/103MEDIA,2,Western_Leopard_Toad,0.8697,1614.5,354.7,1992.5,716.8,Correct
/srv/shared_leopard_toad/2024/18.11.2024/3Z/107MEDIA/DSCF0368.JPG,DSCF0368.JPG,3Z/107MEDIA,0,Other_Amphibian,0.36,2117.4,1989.4,2318.4,2187.8,Correct
/srv/shared_leopard_toad/2024/18.11.2024/4Z/102MEDIA/DSCF0023.JPG,DSCF0023.JPG,4Z/102MEDIA,2,Western_Leopard_Toad,0.6848,3481.7,1481.4,4098.6,2051.5,Correct
/srv/shared_leopard_toad/2024/18.11.2024/4Z/102MEDIA/DSCF0022.JPG,DSCF0022.JPG,4Z/102MEDIA,2,Western_Leopard_Toad,0.7557,3479.8,1491.3,4102.0,2050.0,Correct
/srv/shared_leopard_toad/2024/18.11.2024/4Z/102MEDIA/DSCF0958.JPG,DSCF0958.JPG,4Z/102MEDIA,2,Western_Leopard_Toad,0.8411,3493.4,378.7,3987.8,999.4,Correct
/srv/shared_leopard_toad/2024/18.11.2024/4Z/102MEDIA/DSCF0028.JPG,DSCF0028.JPG,4Z/102MEDIA,2,Western_Leopard_Toad,0.6822,3354.3,1806.6,4055.6,2435.5,Correct
/srv/shared_leopard_toad/2024/18.11.2024/4Z/102MEDIA/DSCF0029.JPG,DSCF0029.JPG,4Z/102MEDIA,2,Western_Leopard_Toad,0.7318,3351.4,1801.7,4059.3,2429.2,Correct
/srv/shared_leopard_toad/2024/18.11.2024/4Z/109MEDIA/DSCF0076.JPG,DSCF0076.JPG,4Z/109MEDIA,2,Western_Leopard_Toad,0.33,922.0,0.0,1621.0,646.5,Correct
/srv/shared_leopard_toad/2024/18.11.2024/4Z/109MEDIA/DSCF0075.JPG,DSCF0075.JPG,4Z/109MEDIA,2,Western_Leopard_Toad,0.7894,2781.2,149.4,3372.7,673.8,Correct
/srv/shared_leopard_toad/2024/18.11.2024/3R/108MEDIA/DSCF0644.JPG,DSCF0644.JPG,3R/108MEDIA,0,Other_Amphibian,0.3794,1800.5,1751.6,1925.2,1891.1,Correct
/srv/shared_leopard_toad/2024/18.11.2024/3R/100MEDIA/DSCF0511.JPG,DSCF0511.JPG,3R/100MEDIA,2,Western_Leopard_Toad,0.6428,1498.1,2136.5,1774.1,2446.2,Correct
/srv/shared_leopard_toad/2024/02.09.2024/6R/incomplete/102MEDIA/DSCF0008.JPG,DSCF0008.JPG,6R/incomplete/102MEDIA,2,Western_Leopard_Toad,0.8959,852.3,841.1,1260.7,1374.2,Correct
/srv/shared_leopard_toad/2024/02.09.2024/6R/incomplete/102MEDIA/DSCF0010.JPG,DSCF0010.JPG,6R/incomplete/102MEDIA,2,Western_Leopard_Toad,0.9232,518.4,2066.2,894.9,2354.0,Correct
/srv/shared_leopard_toad/2024/02.09.2024/6R/incomplete/102MEDIA/DSCF0009.JPG,DSCF0009.JPG,6R/incomplete/102MEDIA,2,Western_Leopard_Toad,0.9033,667.0,2036.5,1048.9,2424.7,Correct
/srv/shared_leopard_toad/2024/02.09.2024/6R/incomplete/101MEDIA/DSCF0569.JPG,DSCF0569.JPG,6R/incomplete/101MEDIA,2,Western_Leopard_Toad,0.8376,3110.7,2197.8,3459.3,2449.1,Correct
/srv/shared_leopard_toad/2024/02.09.2024/6R/incomplete/100MEDIA/DSCF0982.JPG,DSCF0982.JPG,6R/incomplete/100MEDIA,0,Other_Amphibian,0.2953,1204.6,2283.4,1373.3,2439.6,Correct
/srv/shared_leopard_toad/2024/02.09.2024/6R/incomplete/100MEDIA/DSCF0953.JPG,DSCF0953.JPG,6R/incomplete/100MEDIA,2,Western_Leopard_Toad,0.4962,3086.8,1551.8,3748.1,2120.8,Correct
/srv/shared_leopard_toad/2024/02.09.2024/6R/incomplete/100MEDIA/DSCF0952.JPG,DSCF0952.JPG,6R/incomplete/100MEDIA,2,Western_Leopard_Toad,0.3073,2098.6,863.2,2842.7,1536.0,Correct
/srv/shared_leopard_toad/2024/02.09.2024/5R/102MEDIA/DSCF0010.JPG,DSCF0010.JPG,5R/102MEDIA,2,Western_Leopard_Toad,0.9449,3062.1,797.2,3768.2,1584.1,Correct
/srv/shared_leopard_toad/2024/02.09.2024/5R/102MEDIA/102MEDIA/DSCF0010.JPG,DSCF0010.JPG,5R/102MEDIA/102MEDIA,2,Western_Leopard_Toad,0.9449,3062.1,797.2,3768.2,1584.1,Correct
/srv/shared_leopard_toad/2024/02.09.2024/4Z/105MEDIA/DSCF0072.JPG,DSCF0072.JPG,4Z/105MEDIA,2,Western_Leopard_Toad,0.8106,3622.3,1880.8,4258.4,2440.6,Correct
/srv/shared_leopard_toad/2024/02.09.2024/4Z/105MEDIA/DSCF0086.JPG,DSCF0086.JPG,4Z/105MEDIA,2,Western_Leopard_Toad,0.8704,3650.4,1556.9,4310.9,2405.6,Correct
/srv/shared_leopard_toad/2024/02.09.2024/3R/100MEDIA/DSCF0615.JPG,DSCF0615.JPG,3R/100MEDIA,1,Small_Mammal,0.2871,1.3,631.4,1066.9,2389.5,Correct
/srv/shared_leopard_toad/2024/26.09.2024/6R/103MEDIA/DSCF0223.JPG,DSCF0223.JPG,6R/103MEDIA,2,Western_Leopard_Toad,0.7312,3299.3,1681.0,3673.7,2215.7,Correct
/srv/shared_leopard_toad/2024/26.09.2024/6R/103MEDIA/DSCF0224.JPG,DSCF0224.JPG,6R/103MEDIA,2,Western_Leopard_Toad,0.8853,3270.6,1682.8,3667.6,2276.5,Correct
/srv/shared_leopard_toad/2024/26.09.2024/6R/105MEDIA/DSCF0976.JPG,DSCF0976.JPG,6R/105MEDIA,2,Western_Leopard_Toad,0.8893,2084.9,1629.4,2463.0,2120.9,Correct
/srv/shared_leopard_toad/2024/26.09.2024/6R/105MEDIA/DSCF0960.JPG,DSCF0960.JPG,6R/105MEDIA,2,Western_Leopard_Toad,0.8879,3501.6,1856.9,3948.2,2280.0,Correct
/srv/shared_leopard_toad/2024/26.09.2024/6R/104MEDIA/DSCF0421.JPG,DSCF0421.JPG,6R/104MEDIA,2,Western_Leopard_Toad,0.7785,1121.8,1805.9,1674.5,2252.8,Correct
/srv/shared_leopard_toad/2024/26.09.2024/6R/102MEDIA/DSCF0259.JPG,DSCF0259.JPG,6R/102MEDIA,0,Other_Amphibian,0.5062,3030.5,2335.2,3214.9,2455.8,Correct
/srv/shared_leopard_toad/2024/26.09.2024/6R/108MEDIA/DSCF0817.JPG,DSCF0817.JPG,6R/108MEDIA,2,Western_Leopard_Toad,0.3616,2966.9,1767.6,3461.3,2332.6,Correct
/srv/shared_leopard_toad/2024/26.09.2024/6R/108MEDIA/DSCF0875.JPG,DSCF0875.JPG,6R/108MEDIA,2,Western_Leopard_Toad,0.467,421.7,2189.3,932.7,2451.7,Correct
/srv/shared_leopard_toad/2024/26.09.2024/6R/108MEDIA/DSCF0816.JPG,DSCF0816.JPG,6R/108MEDIA,2,Western_Leopard_Toad,0.8497,4007.5,588.4,4371.7,1027.8,Correct
/srv/shared_leopard_toad/2024/26.09.2024/6R/108MEDIA/DSCF0641.JPG,DSCF0641.JPG,6R/108MEDIA,2,Western_Leopard_Toad,0.6753,2211.3,84.2,2709.0,687.2,Correct
/srv/shared_leopard_toad/2024/26.09.2024/6R/108MEDIA/DSCF0642.JPG,DSCF0642.JPG,6R/108MEDIA,2,Western_Leopard_Toad,0.7328,2223.4,84.4,2710.5,685.7,Correct
/srv/shared_leopard_toad/2024/26.09.2024/5R/103MEDIA/DSCF0413.JPG,DSCF0413.JPG,5R/103MEDIA,0,Other_Amphibian,0.3873,2076.5,1630.3,2243.5,1836.4,Correct
/srv/shared_leopard_toad/2024/26.09.2024/5R/105MEDIA/DSCF0678.JPG,DSCF0678.JPG,5R/105MEDIA,2,Western_Leopard_Toad,0.4949,3535.4,420.1,3805.8,767.2,Correct
/srv/shared_leopard_toad/2024/26.09.2024/5R/105MEDIA/DSCF0680.JPG,DSCF0680.JPG,5R/105MEDIA,2,Western_Leopard_Toad,0.2592,3553.3,440.6,3860.7,750.2,Correct
/srv/shared_leopard_toad/2024/26.09.2024/5R/104MEDIA/DSCF0519.JPG,DSCF0519.JPG,5R/104MEDIA,2,Western_Leopard_Toad,0.3691,2194.7,2324.7,2351.7,2448.4,Correct
/srv/shared_leopard_toad/2024/26.09.2024/5R/102MEDIA/DSCF0510.JPG,DSCF0510.JPG,5R/102MEDIA,2,Western_Leopard_Toad,0.8211,2181.6,249.2,2447.4,596.2,Correct
/srv/shared_leopard_toad/2024/26.09.2024/5R/102MEDIA/DSCF0583.JPG,DSCF0583.JPG,5R/102MEDIA,2,Western_Leopard_Toad,0.6612,3462.9,477.4,3783.9,791.5,Correct
/srv/shared_leopard_toad/2024/26.09.2024/5R/108MEDIA/DSCF0067.JPG,DSCF0067.JPG,5R/108MEDIA,2,Western_Leopard_Toad,0.8187,3116.2,1887.6,3385.5,2107.7,Correct
/srv/shared_leopard_toad/2024/26.09.2024/5R/108MEDIA/DSCF0063.JPG,DSCF0063.JPG,5R/108MEDIA,2,Western_Leopard_Toad,0.7536,3112.5,1877.6,3380.7,2101.2,Correct
/srv/shared_leopard_toad/2024/26.09.2024/5R/108MEDIA/DSCF0065.JPG,DSCF0065.JPG,5R/108MEDIA,2,Western_Leopard_Toad,0.8255,3119.0,1886.9,3384.9,2107.3,Correct
/srv/shared_leopard_toad/2024/26.09.2024/5R/108MEDIA/DSCF0068.JPG,DSCF0068.JPG,5R/108MEDIA,2,Western_Leopard_Toad,0.8073,3118.1,1887.0,3383.1,2107.2,Correct
/srv/shared_leopard_toad/2024/26.09.2024/5R/108MEDIA/DSCF0469.JPG,DSCF0469.JPG,5R/108MEDIA,2,Western_Leopard_Toad,0.8485,2905.8,1664.4,3191.5,1996.8,Correct
/srv/shared_leopard_toad/2024/26.09.2024/5R/108MEDIA/DSCF0470.JPG,DSCF0470.JPG,5R/108MEDIA,2,Western_Leopard_Toad,0.8571,2903.4,1663.7,3191.3,1998.4,Correct
/srv/shared_leopard_toad/2024/26.09.2024/5R/108MEDIA/DSCF0066.JPG,DSCF0066.JPG,5R/108MEDIA,2,Western_Leopard_Toad,0.8375,3118.1,1888.3,3386.5,2106.5,Correct
/srv/shared_leopard_toad/2024/26.09.2024/5R/108MEDIA/DSCF0064.JPG,DSCF0064.JPG,5R/108MEDIA,2,Western_Leopard_Toad,0.7891,3118.8,1890.5,3387.7,2105.8,Correct
/srv/shared_leopard_toad/2024/26.09.2024/5R/106MEDIA/DSCF0416.JPG,DSCF0416.JPG,5R/106MEDIA,2,Western_Leopard_Toad,0.901,3891.8,677.7,4400.9,1355.0,Correct
/srv/shared_leopard_toad/2024/26.09.2024/5R/106MEDIA/DSCF0549.JPG,DSCF0549.JPG,5R/106MEDIA,2,Western_Leopard_Toad,0.7841,3690.0,2191.7,4056.8,2450.2,Correct
/srv/shared_leopard_toad/2024/26.09.2024/5R/106MEDIA/DSCF0547.JPG,DSCF0547.JPG,5R/106MEDIA,2,Western_Leopard_Toad,0.8477,2627.3,1028.0,2996.3,1453.4,Correct
/srv/shared_leopard_toad/2024/02.10.2024/6R/100MEDIA/DSCF0979.JPG,DSCF0979.JPG,6R/100MEDIA,0,Other_Amphibian,0.4312,1256.7,2122.0,1422.9,2304.8,Correct
/srv/shared_leopard_toad/2024/02.10.2024/6R/100MEDIA/DSCF0978.JPG,DSCF0978.JPG,6R/100MEDIA,0,Other_Amphibian,0.2813,1258.7,2121.6,1422.9,2303.2,Correct
/srv/shared_leopard_toad/2024/02.10.2024/6R/100MEDIA/DSCF0520.JPG,DSCF0520.JPG,6R/100MEDIA,0,Other_Amphibian,0.4959,1247.2,2302.4,1433.7,2453.3,Correct
/srv/shared_leopard_toad/2024/02.10.2024/5R/103MEDIA/DSCF0043.JPG,DSCF0043.JPG,5R/103MEDIA,2,Western_Leopard_Toad,0.2942,1753.9,902.0,2068.2,1277.4,Correct
/srv/shared_leopard_toad/2024/02.10.2024/5R/102MEDIA/DSCF0660.JPG,DSCF0660.JPG,5R/102MEDIA,2,Western_Leopard_Toad,0.4579,1212.7,136.9,1433.4,384.7,Correct
/srv/shared_leopard_toad/2024/02.10.2024/5R/101MEDIA/DSCF0501.JPG,DSCF0501.JPG,5R/101MEDIA,2,Western_Leopard_Toad,0.7936,2036.6,634.5,2316.6,961.7,Correct
/srv/shared_leopard_toad/2024/02.10.2024/5R/101MEDIA/DSCF0505.JPG,DSCF0505.JPG,5R/101MEDIA,2,Western_Leopard_Toad,0.7856,2038.0,635.0,2316.5,962.9,Correct
/srv/shared_leopard_toad/2024/02.10.2024/5R/101MEDIA/DSCF0504.JPG,DSCF0504.JPG,5R/101MEDIA,2,Western_Leopard_Toad,0.8087,2037.9,634.0,2318.0,962.4,Correct
/srv/shared_leopard_toad/2024/02.10.2024/5R/101MEDIA/DSCF0502.JPG,DSCF0502.JPG,5R/101MEDIA,2,Western_Leopard_Toad,0.7894,2038.1,633.2,2318.0,962.1,Correct
/srv/shared_leopard_toad/2024/02.10.2024/5R/101MEDIA/DSCF0499.JPG,DSCF0499.JPG,5R/101MEDIA,2,Western_Leopard_Toad,0.8429,2037.8,634.1,2315.7,961.1,Correct
/srv/shared_leopard_toad/2024/02.10.2024/5R/101MEDIA/DSCF0503.JPG,DSCF0503.JPG,5R/101MEDIA,2,Western_Leopard_Toad,0.8047,2037.6,633.4,2320.3,961.4,Correct
/srv/shared_leopard_toad/2024/02.10.2024/5R/101MEDIA/DSCF0500.JPG,DSCF0500.JPG,5R/101MEDIA,2,Western_Leopard_Toad,0.8393,2038.3,633.0,2317.5,961.9,Correct
/srv/shared_leopard_toad/2024/02.10.2024/5R/101MEDIA/DSCF0498.JPG,DSCF0498.JPG,5R/101MEDIA,2,Western_Leopard_Toad,0.5714,2030.7,617.8,2331.4,946.7,Correct
/srv/shared_leopard_toad/2024/02.10.2024/5R/101MEDIA/DSCF0506.JPG,DSCF0506.JPG,5R/101MEDIA,2,Western_Leopard_Toad,0.8038,2038.6,634.3,2318.8,962.8,Correct
/srv/shared_leopard_toad/2024/16.09.2024/5R/107MEDIA/DSCF0112.JPG,DSCF0112.JPG,5R/107MEDIA,2,Western_Leopard_Toad,0.859,3442.6,1979.1,3896.4,2444.9,Correct
/srv/shared_leopard_toad/2024/16.09.2024/5R/104MEDIA/DSCF0788.JPG,DSCF0788.JPG,5R/104MEDIA,0,Other_Amphibian,0.5954,3297.4,1584.9,3485.0,1812.8,Correct
/srv/shared_leopard_toad/2024/16.09.2024/5R/104MEDIA/DSCF0790.JPG,DSCF0790.JPG,5R/104MEDIA,0,Other_Amphibian,0.2797,3300.6,1582.1,3476.1,1808.6,Correct
/srv/shared_leopard_toad/2024/16.09.2024/5R/104MEDIA/DSCF0787.JPG,DSCF0787.JPG,5R/104MEDIA,0,Other_Amphibian,0.7084,3299.8,1585.8,3478.3,1813.0,Correct
/srv/shared_leopard_toad/2024/16.09.2024/5R/108MEDIA/DSCF0734.JPG,DSCF0734.JPG,5R/108MEDIA,2,Western_Leopard_Toad,0.7995,2481.1,1439.6,2795.2,1792.9,Correct
/srv/shared_leopard_toad/2024/16.09.2024/5R/108MEDIA/DSCF0747.JPG,DSCF0747.JPG,5R/108MEDIA,2,Western_Leopard_Toad,0.8885,4082.0,1988.3,4370.5,2229.8,Correct
/srv/shared_leopard_toad/2024/16.09.2024/5R/108MEDIA/DSCF0746.JPG,DSCF0746.JPG,5R/108MEDIA,2,Western_Leopard_Toad,0.7371,2843.0,2191.5,3107.0,2449.9,Correct
/srv/shared_leopard_toad/2024/11.10.2024/6R/103MEDIA/DSCF0012.JPG,DSCF0012.JPG,6R/103MEDIA,0,Other_Amphibian,0.5647,2452.5,2095.9,2649.3,2258.3,Correct
/srv/shared_leopard_toad/2024/11.10.2024/6R/103MEDIA/DSCF0008.JPG,DSCF0008.JPG,6R/103MEDIA,0,Other_Amphibian,0.5099,2451.4,2097.8,2649.2,2261.3,Correct
/srv/shared_leopard_toad/2024/11.10.2024/6R/104MEDIA/DSCF0365.JPG,DSCF0365.JPG,6R/104MEDIA,2,Western_Leopard_Toad,0.3181,1633.0,336.3,2004.1,716.5,Correct
/srv/shared_leopard_toad/2024/11.10.2024/6R/104MEDIA/DSCF0367.JPG,DSCF0367.JPG,6R/104MEDIA,2,Western_Leopard_Toad,0.2919,508.6,1508.6,867.3,1790.6,Correct
/srv/shared_leopard_toad/2024/11.10.2024/6R/110MEDIA/DSCF0983.JPG,DSCF0983.JPG,6R/110MEDIA,0,Other_Amphibian,0.6353,2860.5,2015.7,3104.9,2266.7,Correct
/srv/shared_leopard_toad/2024/11.10.2024/6R/110MEDIA/DSCF0899.JPG,DSCF0899.JPG,6R/110MEDIA,2,Western_Leopard_Toad,0.6082,970.0,1656.5,1443.4,2045.6,Correct
/srv/shared_leopard_toad/2024/11.10.2024/5R/112MEDIA/DSCF0107 (2).JPG,DSCF0107 (2).JPG,5R/112MEDIA,2,Western_Leopard_Toad,0.8943,3062.5,763.6,3407.0,1146.6,Correct
/srv/shared_leopard_toad/2024/11.10.2024/5R/112MEDIA/DSCF0109 (2).JPG,DSCF0109 (2).JPG,5R/112MEDIA,2,Western_Leopard_Toad,0.8898,3059.9,764.5,3409.7,1145.9,Correct
/srv/shared_leopard_toad/2024/11.10.2024/5R/112MEDIA/DSCF0108 (2).JPG,DSCF0108 (2).JPG,5R/112MEDIA,2,Western_Leopard_Toad,0.8892,3061.9,764.0,3405.0,1148.5,Correct
/srv/shared_leopard_toad/2024/11.10.2024/5R/111MEDIA/DSCF0746.JPG,DSCF0746.JPG,5R/111MEDIA,2,Western_Leopard_Toad,0.3937,3800.0,1486.3,4086.7,1777.4,Correct
/srv/shared_leopard_toad/2024/11.10.2024/5R/105MEDIA/DSCF0867.JPG,DSCF0867.JPG,5R/105MEDIA,2,Western_Leopard_Toad,0.7994,1332.5,1885.0,1995.4,2422.6,Correct
/srv/shared_leopard_toad/2024/11.10.2024/5R/104MEDIA/DSCF0837.JPG,DSCF0837.JPG,5R/104MEDIA,2,Western_Leopard_Toad,0.5404,688.6,2204.5,968.3,2448.8,Correct
/srv/shared_leopard_toad/2024/11.10.2024/5R/104MEDIA/DSCF0722.JPG,DSCF0722.JPG,5R/104MEDIA,2,Western_Leopard_Toad,0.7864,3641.9,1936.3,3895.8,2259.8,Correct
/srv/shared_leopard_toad/2024/11.10.2024/5R/104MEDIA/DSCF0723.JPG,DSCF0723.JPG,5R/104MEDIA,2,Western_Leopard_Toad,0.6877,3644.9,1923.4,3892.1,2244.5,Correct
/srv/shared_leopard_toad/2024/11.10.2024/5R/104MEDIA/DSCF0838.JPG,DSCF0838.JPG,5R/104MEDIA,2,Western_Leopard_Toad,0.4846,691.4,2199.5,970.7,2449.7,Correct
/srv/shared_leopard_toad/2024/11.10.2024/5R/104MEDIA/DSCF0721.JPG,DSCF0721.JPG,5R/104MEDIA,2,Western_Leopard_Toad,0.8132,3680.1,1945.2,3939.0,2271.5,Correct
/srv/shared_leopard_toad/2024/11.10.2024/5R/104MEDIA/DSCF0794.JPG,DSCF0794.JPG,5R/104MEDIA,2,Western_Leopard_Toad,0.4644,827.7,398.6,1096.3,699.3,Correct
/srv/shared_leopard_toad/2024/11.10.2024/5R/104MEDIA/DSCF0844.JPG,DSCF0844.JPG,5R/104MEDIA,2,Western_Leopard_Toad,0.4587,689.3,2202.0,976.1,2450.1,Correct
/srv/shared_leopard_toad/2024/11.10.2024/5R/104MEDIA/DSCF0793.JPG,DSCF0793.JPG,5R/104MEDIA,2,Western_Leopard_Toad,0.4498,824.3,398.4,1093.3,702.8,Correct
/srv/shared_leopard_toad/2024/11.10.2024/5R/104MEDIA/DSCF0808.JPG,DSCF0808.JPG,5R/104MEDIA,2,Western_Leopard_Toad,0.8017,1025.2,182.7,1305.6,461.4,Correct
/srv/shared_leopard_toad/2024/11.10.2024/5R/104MEDIA/DSCF0800.JPG,DSCF0800.JPG,5R/104MEDIA,2,Western_Leopard_Toad,0.4484,883.6,313.5,1148.7,614.7,Correct
/srv/shared_leopard_toad/2024/11.10.2024/5R/104MEDIA/DSCF0843.JPG,DSCF0843.JPG,5R/104MEDIA,2,Western_Leopard_Toad,0.3786,691.2,2214.5,973.3,2450.2,Correct
/srv/shared_leopard_toad/2024/11.10.2024/5R/108MEDIA/DSCF0490.JPG,DSCF0490.JPG,5R/108MEDIA,2,Western_Leopard_Toad,0.8194,2445.9,1155.8,2806.6,1549.6,Correct
/srv/shared_leopard_toad/2024/11.10.2024/5R/108MEDIA/DSCF0494.JPG,DSCF0494.JPG,5R/108MEDIA,2,Western_Leopard_Toad,0.4744,2448.6,626.5,2768.4,994.5,Correct
/srv/shared_leopard_toad/2024/11.10.2024/5R/108MEDIA/DSCF0494.JPG,DSCF0494.JPG,5R/108MEDIA,2,Western_Leopard_Toad,0.2729,2303.7,622.6,2771.9,994.2,Correct
/srv/shared_leopard_toad/2024/11.10.2024/5R/108MEDIA/DSCF0492.JPG,DSCF0492.JPG,5R/108MEDIA,2,Western_Leopard_Toad,0.6986,2432.6,635.6,2765.0,1020.9,Correct
/srv/shared_leopard_toad/2024/11.10.2024/5R/108MEDIA/DSCF0491.JPG,DSCF0491.JPG,5R/108MEDIA,2,Western_Leopard_Toad,0.8334,2445.1,1154.2,2808.1,1549.6,Correct
/srv/shared_leopard_toad/2024/11.10.2024/5R/108MEDIA/DSCF0493.JPG,DSCF0493.JPG,5R/108MEDIA,2,Western_Leopard_Toad,0.7771,2432.7,635.9,2764.2,1024.3,Correct
/srv/shared_leopard_toad/2024/11.10.2024/5R/101MEDIA/DSCF0074.JPG,DSCF0074.JPG,5R/101MEDIA,2,Western_Leopard_Toad,0.3135,2457.4,1131.3,2725.2,1405.7,Correct
/srv/shared_leopard_toad/2024/11.10.2024/5R/106MEDIA/DSCF0631.JPG,DSCF0631.JPG,5R/106MEDIA,0,Other_Amphibian,0.5705,3182.4,2283.1,3363.6,2441.3,Correct
/srv/shared_leopard_toad/2024/19.09.2024/6R/103MEDIA/DSCF0164.JPG,DSCF0164.JPG,6R/103MEDIA,0,Other_Amphibian,0.4669,2342.1,1405.1,2607.2,1659.9,Correct
/srv/shared_leopard_toad/2024/19.09.2024/5R/101MEDIA/DSCF0489.JPG,DSCF0489.JPG,5R/101MEDIA,2,Western_Leopard_Toad,0.5251,3145.0,124.6,3425.8,429.4,Correct
/srv/shared_leopard_toad/2024/28.08.2024/6R/105MEDIA/DSCF0661.JPG,DSCF0661.JPG,6R/105MEDIA,2,Western_Leopard_Toad,0.8296,2378.6,1920.9,2801.0,2442.3,Correct
/srv/shared_leopard_toad/2024/28.08.2024/6R/105MEDIA/DSCF0111.JPG,DSCF0111.JPG,6R/105MEDIA,2,Western_Leopard_Toad,0.4825,2136.8,1362.7,2599.7,1956.8,Correct
/srv/shared_leopard_toad/2024/28.08.2024/6R/104MEDIA/DSCF0725.JPG,DSCF0725.JPG,6R/104MEDIA,2,Western_Leopard_Toad,0.5191,514.9,1817.8,1033.6,2440.3,Correct
/srv/shared_leopard_toad/2024/28.08.2024/6R/100MEDIA/DSCF0914.JPG,DSCF0914.JPG,6R/100MEDIA,2,Western_Leopard_Toad,0.8514,2958.0,1055.8,3509.9,1697.5,Correct
/srv/shared_leopard_toad/2024/28.08.2024/5R/105MEDIA/DSCF0683.JPG,DSCF0683.JPG,5R/105MEDIA,2,Western_Leopard_Toad,0.7592,993.2,208.5,1616.5,814.6,Correct
/srv/shared_leopard_toad/2024/28.08.2024/5R/105MEDIA/DSCF0684.JPG,DSCF0684.JPG,5R/105MEDIA,2,Western_Leopard_Toad,0.3454,1039.0,1990.9,1503.9,2446.9,Correct
/srv/shared_leopard_toad/2024/28.08.2024/5R/104MEDIA/DSCF0856.JPG,DSCF0856.JPG,5R/104MEDIA,2,Western_Leopard_Toad,0.5568,1139.0,923.3,1831.8,1613.5,Correct
/srv/shared_leopard_toad/2024/28.08.2024/5R/100MEDIA/DSCF0546.JPG,DSCF0546.JPG,5R/100MEDIA,2,Western_Leopard_Toad,0.8698,1626.9,1680.2,2241.1,2239.9,Correct
/srv/shared_leopard_toad/2024/28.08.2024/5R/100MEDIA/DSCF0546.JPG,DSCF0546.JPG,5R/100MEDIA,2,Western_Leopard_Toad,0.6934,1432.1,976.6,2168.3,1664.8,Correct
/srv/shared_leopard_toad/2024/28.08.2024/4Z/103MEDIA/DSCF0404.JPG,DSCF0404.JPG,4Z/103MEDIA,0,Other_Amphibian,0.3774,1402.7,51.2,1654.1,348.2,Correct
/srv/shared_leopard_toad/2024/09.02.2024/6R/103MEDIA/DSCF0333.JPG,DSCF0333.JPG,6R/103MEDIA,2,Western_Leopard_Toad,0.8835,2420.8,1931.0,2926.7,2447.5,Correct
/srv/shared_leopard_toad/2024/09.02.2024/6R/105MEDIA/DSCF0905.JPG,DSCF0905.JPG,6R/105MEDIA,2,Western_Leopard_Toad,0.3923,585.5,1895.3,837.5,2226.9,Correct
/srv/shared_leopard_toad/2024/09.02.2024/6R/102MEDIA/DSCF0469.JPG,DSCF0469.JPG,6R/102MEDIA,2,Western_Leopard_Toad,0.7065,3697.4,1326.0,4203.2,1818.0,Correct
/srv/shared_leopard_toad/2024/09.02.2024/6R/102MEDIA/DSCF0584.JPG,DSCF0584.JPG,6R/102MEDIA,2,Western_Leopard_Toad,0.8027,2066.3,1370.4,2603.5,2056.4,Correct
/srv/shared_leopard_toad/2024/09.02.2024/6R/101MEDIA/DSCF0855.JPG,DSCF0855.JPG,6R/101MEDIA,2,Western_Leopard_Toad,0.6574,38.5,1945.9,650.0,2449.3,Correct
/srv/shared_leopard_toad/2024/09.02.2024/6R/106MEDIA/DSCF0505.JPG,DSCF0505.JPG,6R/106MEDIA,2,Western_Leopard_Toad,0.8688,2451.0,1233.7,3001.8,1927.4,Correct
/srv/shared_leopard_toad/2024/09.02.2024/5R/102MEDIA/DSCF0061.JPG,DSCF0061.JPG,5R/102MEDIA,2,Western_Leopard_Toad,0.3907,858.8,2017.4,1239.1,2437.6,Correct
/srv/shared_leopard_toad/2024/09.02.2024/5R/102MEDIA/DSCF0063.JPG,DSCF0063.JPG,5R/102MEDIA,2,Western_Leopard_Toad,0.5821,927.8,2174.8,1317.6,2450.0,Correct
/srv/shared_leopard_toad/2024/09.02.2024/5R/102MEDIA/DSCF0065.JPG,DSCF0065.JPG,5R/102MEDIA,2,Western_Leopard_Toad,0.6918,926.9,2173.7,1324.0,2449.9,Correct
/srv/shared_leopard_toad/2024/09.02.2024/5R/102MEDIA/DSCF0074.JPG,DSCF0074.JPG,5R/102MEDIA,2,Western_Leopard_Toad,0.8984,2719.6,1297.7,3331.2,1947.0,Correct
/srv/shared_leopard_toad/2024/09.02.2024/5R/102MEDIA/DSCF0059.JPG,DSCF0059.JPG,5R/102MEDIA,2,Western_Leopard_Toad,0.2884,883.9,2263.8,1259.5,2451.3,Correct
/srv/shared_leopard_toad/2024/09.02.2024/5R/102MEDIA/DSCF0062.JPG,DSCF0062.JPG,5R/102MEDIA,2,Western_Leopard_Toad,0.6144,927.4,2174.4,1321.2,2450.0,Correct
/srv/shared_leopard_toad/2024/09.02.2024/5R/102MEDIA/DSCF0064.JPG,DSCF0064.JPG,5R/102MEDIA,2,Western_Leopard_Toad,0.7445,929.6,2172.6,1320.5,2450.1,Correct
/srv/shared_leopard_toad/2024/09.02.2024/5R/101MEDIA/DSCF0697.JPG,DSCF0697.JPG,5R/101MEDIA,2,Western_Leopard_Toad,0.5508,3839.0,2302.9,4089.5,2454.4,Correct
/srv/shared_leopard_toad/2024/09.02.2024/5R/101MEDIA/DSCF0666.JPG,DSCF0666.JPG,5R/101MEDIA,2,Western_Leopard_Toad,0.3383,3695.8,2181.8,4093.0,2450.7,Correct
/srv/shared_leopard_toad/2024/09.02.2024/5R/101MEDIA/DSCF0675.JPG,DSCF0675.JPG,5R/101MEDIA,2,Western_Leopard_Toad,0.329,3845.5,2263.3,4086.8,2450.8,Correct
/srv/shared_leopard_toad/2024/09.02.2024/5R/101MEDIA/DSCF0693.JPG,DSCF0693.JPG,5R/101MEDIA,2,Western_Leopard_Toad,0.575,3837.7,2305.4,4093.1,2453.9,Correct
/srv/shared_leopard_toad/2024/09.02.2024/5R/101MEDIA/DSCF0690.JPG,DSCF0690.JPG,5R/101MEDIA,2,Western_Leopard_Toad,0.3222,3846.8,2275.2,4087.3,2451.9,Correct
/srv/shared_leopard_toad/2024/09.02.2024/5R/101MEDIA/DSCF0692.JPG,DSCF0692.JPG,5R/101MEDIA,2,Western_Leopard_Toad,0.6033,3839.3,2306.4,4091.9,2454.3,Correct
/srv/shared_leopard_toad/2024/09.02.2024/5R/101MEDIA/DSCF0695.JPG,DSCF0695.JPG,5R/101MEDIA,2,Western_Leopard_Toad,0.5077,3838.7,2295.1,4086.6,2453.4,Correct
/srv/shared_leopard_toad/2024/09.02.2024/5R/101MEDIA/DSCF0687.JPG,DSCF0687.JPG,5R/101MEDIA,2,Western_Leopard_Toad,0.2725,3853.8,2259.8,4090.5,2449.7,Correct
/srv/shared_leopard_toad/2024/09.02.2024/5R/101MEDIA/DSCF0694.JPG,DSCF0694.JPG,5R/101MEDIA,2,Western_Leopard_Toad,0.529,3837.4,2300.4,4090.4,2455.4,Correct
/srv/shared_leopard_toad/2024/09.02.2024/5R/101MEDIA/DSCF0696.JPG,DSCF0696.JPG,5R/101MEDIA,2,Western_Leopard_Toad,0.5816,3840.5,2305.2,4093.0,2453.6,Correct
/srv/shared_leopard_toad/2024/09.02.2024/5R/101MEDIA/DSCF0035.JPG,DSCF0035.JPG,5R/101MEDIA,0,Other_Amphibian,0.2541,2009.9,674.6,2214.5,916.2,Correct
/srv/shared_leopard_toad/2024/09.02.2024/5R/106MEDIA/DSCF0238.JPG,DSCF0238.JPG,5R/106MEDIA,0,Other_Amphibian,0.2639,3112.2,2024.7,3334.8,2221.0,Correct
/srv/shared_leopard_toad/2024/09.02.2024/5R/100MEDIA/DSCF0185.JPG,DSCF0185.JPG,5R/100MEDIA,2,Western_Leopard_Toad,0.6271,665.0,2183.8,1248.8,2452.5,Correct
/srv/shared_leopard_toad/2024/09.02.2024/5R/100MEDIA/DSCF0207.JPG,DSCF0207.JPG,5R/100MEDIA,2,Western_Leopard_Toad,0.8237,1412.2,285.4,1922.4,969.2,Correct
/srv/shared_leopard_toad/2024/09.02.2024/5R/100MEDIA/DSCF0729.JPG,DSCF0729.JPG,5R/100MEDIA,2,Western_Leopard_Toad,0.805,2665.9,467.4,3402.7,1139.4,Correct
/srv/shared_leopard_toad/2024/09.02.2024/5R/100MEDIA/DSCF0208.JPG,DSCF0208.JPG,5R/100MEDIA,2,Western_Leopard_Toad,0.4003,1131.1,0.0,1701.1,660.2,Correct
/srv/shared_leopard_toad/2024/09.02.2024/5R/100MEDIA/DSCF0211.JPG,DSCF0211.JPG,5R/100MEDIA,2,Western_Leopard_Toad,0.7672,1071.7,51.7,1594.9,619.2,Correct
/srv/shared_leopard_toad/2024/09.02.2024/5R/100MEDIA/DSCF0206.JPG,DSCF0206.JPG,5R/100MEDIA,2,Western_Leopard_Toad,0.874,2649.4,1657.7,3155.4,2301.1,Correct
/srv/shared_leopard_toad/2024/09.02.2024/5R/100MEDIA/DSCF0209.JPG,DSCF0209.JPG,5R/100MEDIA,2,Western_Leopard_Toad,0.8291,1083.3,103.6,1634.6,657.3,Correct
/srv/shared_leopard_toad/2024/09.02.2024/5R/100MEDIA/DSCF0212.JPG,DSCF0212.JPG,5R/100MEDIA,2,Western_Leopard_Toad,0.674,1087.9,57.5,1597.8,624.7,Correct
/srv/shared_leopard_toad/2024/09.02.2024/5R/100MEDIA/DSCF0213.JPG,DSCF0213.JPG,5R/100MEDIA,2,Western_Leopard_Toad,0.7687,1073.3,51.0,1594.6,621.3,Correct
/srv/shared_leopard_toad/2024/09.02.2024/5R/100MEDIA/DSCF0210.JPG,DSCF0210.JPG,5R/100MEDIA,2,Western_Leopard_Toad,0.8743,1101.6,75.6,1634.6,650.8,Correct
/srv/shared_leopard_toad/2024/09.02.2024/5R/100MEDIA/DSCF0200.JPG,DSCF0200.JPG,5R/100MEDIA,2,Western_Leopard_Toad,0.7989,872.8,1185.3,1390.6,1654.7,Correct
/srv/shared_leopard_toad/2024/09.02.2024/5R/100MEDIA/DSCF0201.JPG,DSCF0201.JPG,5R/100MEDIA,2,Western_Leopard_Toad,0.8551,874.6,1185.9,1389.4,1673.0,Correct
/srv/shared_leopard_toad/2024/09.02.2024/4Z/100MEDIA/DSCF0408.JPG,DSCF0408.JPG,4Z/100MEDIA,2,Western_Leopard_Toad,0.793,3558.4,498.3,4151.1,953.7,Correct
/srv/shared_leopard_toad/2023/Cameras - AI Data/6R/103MEDIA/6r-103 (326).JPG,6r-103 (326).JPG,6R/103MEDIA,2,Western_Leopard_Toad,0.4666,1746.2,1413.3,2034.3,1750.4,Correct
/srv/shared_leopard_toad/2023/Cameras - AI Data/5R/5r-101 (318).JPG,5r-101 (318).JPG,5R,0,Other_Amphibian,0.599,1920.8,2091.4,2142.0,2447.9,Correct
/srv/shared_leopard_toad/2023/Cameras - AI Data/4Z/DSCF0589.JPG,DSCF0589.JPG,4Z,2,Western_Leopard_Toad,0.8832,3684.3,1788.1,4608.0,2456.9,Correct
/srv/shared_leopard_toad/2023/Cameras - AI Data/4Z/4z-101 (818).JPG,4z-101 (818).JPG,4Z,2,Western_Leopard_Toad,0.8515,1511.2,2147.4,2278.9,2457.0,Correct
/srv/shared_leopard_toad/2023/Cameras - AI Data/4Z/4z-101 (830).JPG,4z-101 (830).JPG,4Z,2,Western_Leopard_Toad,0.9108,2727.3,1957.0,3575.8,2454.5,Correct
/srv/shared_leopard_toad/2023/Cameras - AI Data/4Z/DSCF0812.JPG,DSCF0812.JPG,4Z,2,Western_Leopard_Toad,0.9128,1595.0,2051.4,2302.1,2451.1,Correct
/srv/shared_leopard_toad/2023/Cameras - AI Data/4Z/4z-101 (822).JPG,4z-101 (822).JPG,4Z,2,Western_Leopard_Toad,0.8571,1513.4,2155.5,2283.5,2452.6,Correct
/srv/shared_leopard_toad/2023/Cameras - AI Data/4Z/DSCF0822.JPG,DSCF0822.JPG,4Z,2,Western_Leopard_Toad,0.8571,1513.4,2155.5,2283.5,2452.6,Correct
/srv/shared_leopard_toad/2023/Cameras - AI Data/4Z/DSCF0817.JPG,DSCF0817.JPG,4Z,2,Western_Leopard_Toad,0.8516,1514.9,2147.2,2278.5,2456.2,Correct
/srv/shared_leopard_toad/2023/Cameras - AI Data/4Z/4z-101 (815).JPG,4z-101 (815).JPG,4Z,2,Western_Leopard_Toad,0.8854,1517.4,2148.6,2276.5,2457.3,Correct
/srv/shared_leopard_toad/2023/Cameras - AI Data/4Z/4z-100 (589).JPG,4z-100 (589).JPG,4Z,2,Western_Leopard_Toad,0.8832,3684.3,1788.1,4608.0,2456.9,Correct
/srv/shared_leopard_toad/2023/Cameras - AI Data/4Z/4z-101 (828).JPG,4z-101 (828).JPG,4Z,2,Western_Leopard_Toad,0.8966,2725.3,1956.4,3588.9,2452.8,Correct
/srv/shared_leopard_toad/2023/Cameras - AI Data/4Z/4z-101 (824).JPG,4z-101 (824).JPG,4Z,2,Western_Leopard_Toad,0.8291,1507.9,2149.2,2296.1,2457.7,Correct
/srv/shared_leopard_toad/2023/Cameras - AI Data/4Z/4z-101 (816).JPG,4z-101 (816).JPG,4Z,2,Western_Leopard_Toad,0.8454,1518.6,2146.9,2278.7,2456.5,Correct
/srv/shared_leopard_toad/2023/Cameras - AI Data/4Z/DSCF0823.JPG,DSCF0823.JPG,4Z,2,Western_Leopard_Toad,0.4586,1510.9,2149.1,2294.4,2456.6,Correct
/srv/shared_leopard_toad/2023/Cameras - AI Data/4Z/DSCF0820.JPG,DSCF0820.JPG,4Z,2,Western_Leopard_Toad,0.8606,1512.8,2148.2,2280.0,2456.6,Correct
/srv/shared_leopard_toad/2023/Cameras - AI Data/4Z/4z-101 (820).JPG,4z-101 (820).JPG,4Z,2,Western_Leopard_Toad,0.8606,1512.8,2148.2,2280.0,2456.6,Correct
/srv/shared_leopard_toad/2023/Cameras - AI Data/4Z/4z-101 (821).JPG,4z-101 (821).JPG,4Z,2,Western_Leopard_Toad,0.8626,1514.7,2147.1,2279.7,2456.3,Correct
/srv/shared_leopard_toad/2023/Cameras - AI Data/4Z/DSCF0816.JPG,DSCF0816.JPG,4Z,2,Western_Leopard_Toad,0.8454,1518.6,2146.9,2278.7,2456.5,Correct
/srv/shared_leopard_toad/2023/Cameras - AI Data/4Z/4z-101 (812).JPG,4z-101 (812).JPG,4Z,2,Western_Leopard_Toad,0.9128,1595.0,2051.4,2302.1,2451.1,Correct
/srv/shared_leopard_toad/2023/Cameras - AI Data/4Z/4z-101 (831).JPG,4z-101 (831).JPG,4Z,2,Western_Leopard_Toad,0.8984,2724.0,1954.4,3574.1,2455.4,Correct
/srv/shared_leopard_toad/2023/Cameras - AI Data/4Z/DSCF0824.JPG,DSCF0824.JPG,4Z,2,Western_Leopard_Toad,0.8291,1507.9,2149.2,2296.1,2457.7,Correct
/srv/shared_leopard_toad/2023/Cameras - AI Data/4Z/DSCF0813.JPG,DSCF0813.JPG,4Z,2,Western_Leopard_Toad,0.9083,1596.0,2049.7,2301.3,2450.8,Correct
/srv/shared_leopard_toad/2023/Cameras - AI Data/4Z/DSCF0830.JPG,DSCF0830.JPG,4Z,2,Western_Leopard_Toad,0.9108,2727.3,1957.0,3575.8,2454.5,Correct
/srv/shared_leopard_toad/2023/Cameras - AI Data/4Z/4z-101 (825).JPG,4z-101 (825).JPG,4Z,2,Western_Leopard_Toad,0.8133,1516.3,2148.7,2295.0,2457.8,Correct
/srv/shared_leopard_toad/2023/Cameras - AI Data/4Z/DSCF0825.JPG,DSCF0825.JPG,4Z,2,Western_Leopard_Toad,0.8133,1516.3,2148.7,2295.0,2457.8,Correct
/srv/shared_leopard_toad/2023/Cameras - AI Data/4Z/4z-101 (814).JPG,4z-101 (814).JPG,4Z,2,Western_Leopard_Toad,0.9125,1594.7,2047.4,2311.2,2453.9,Correct
/srv/shared_leopard_toad/2023/Cameras - AI Data/4Z/DSCF0828.JPG,DSCF0828.JPG,4Z,2,Western_Leopard_Toad,0.8966,2725.3,1956.4,3588.9,2452.8,Correct
/srv/shared_leopard_toad/2023/Cameras - AI Data/4Z/4z-101 (817).JPG,4z-101 (817).JPG,4Z,2,Western_Leopard_Toad,0.8516,1514.9,2147.2,2278.5,2456.2,Correct
/srv/shared_leopard_toad/2023/Cameras - AI Data/4Z/DSCF0814.JPG,DSCF0814.JPG,4Z,2,Western_Leopard_Toad,0.9125,1594.7,2047.4,2311.2,2453.9,Correct
/srv/shared_leopard_toad/2023/Cameras - AI Data/4Z/DSCF0815.JPG,DSCF0815.JPG,4Z,2,Western_Leopard_Toad,0.8854,1517.4,2148.6,2276.5,2457.3,Correct
/srv/shared_leopard_toad/2023/Cameras - AI Data/4Z/DSCF0831.JPG,DSCF0831.JPG,4Z,2,Western_Leopard_Toad,0.8984,2724.0,1954.4,3574.1,2455.4,Correct
/srv/shared_leopard_toad/2023/Cameras - AI Data/4Z/DSCF0818.JPG,DSCF0818.JPG,4Z,2,Western_Leopard_Toad,0.8515,1511.2,2147.4,2278.9,2457.0,Correct
/srv/shared_leopard_toad/2023/Cameras - AI Data/4Z/DSCF0819.JPG,DSCF0819.JPG,4Z,2,Western_Leopard_Toad,0.8638,1510.3,2145.9,2279.7,2456.8,Correct
/srv/shared_leopard_toad/2023/Cameras - AI Data/4Z/DSCF0829.JPG,DSCF0829.JPG,4Z,2,Western_Leopard_Toad,0.9072,2726.6,1957.3,3576.2,2454.4,Correct
/srv/shared_leopard_toad/2023/Cameras - AI Data/4Z/DSCF0821.JPG,DSCF0821.JPG,4Z,2,Western_Leopard_Toad,0.8626,1514.7,2147.1,2279.7,2456.3,Correct
/srv/shared_leopard_toad/2023/Cameras - AI Data/4Z/4z-101 (819).JPG,4z-101 (819).JPG,4Z,2,Western_Leopard_Toad,0.8638,1510.3,2145.9,2279.7,2456.8,Correct
/srv/shared_leopard_toad/2023/Cameras - AI Data/4Z/4z-101 (829).JPG,4z-101 (829).JPG,4Z,2,Western_Leopard_Toad,0.9072,2726.6,1957.3,3576.2,2454.4,Correct
/srv/shared_leopard_toad/2023/Cameras - AI Data/4Z/4z-101 (823).JPG,4z-101 (823).JPG,4Z,2,Western_Leopard_Toad,0.4586,1510.9,2149.1,2294.4,2456.6,Correct
/srv/shared_leopard_toad/2023/Cameras - AI Data/4Z/4z-101 (813).JPG,4z-101 (813).JPG,4Z,2,Western_Leopard_Toad,0.9083,1596.0,2049.7,2301.3,2450.8,Correct
/srv/shared_leopard_toad/2023/Cameras-Master Data/6R/103MEDIA/DSCF0326.JPG,DSCF0326.JPG,6R/103MEDIA,2,Western_Leopard_Toad,0.4666,1746.2,1413.3,2034.3,1750.4,Correct
/srv/shared_leopard_toad/2023/Cameras-Master Data/5R/101MEDIA/DSCF0318.JPG,DSCF0318.JPG,5R/101MEDIA,0,Other_Amphibian,0.599,1920.8,2091.4,2142.0,2447.9,Correct
/srv/shared_leopard_toad/2023/Cameras-Master Data/4Z/Seen-4Z/DSCF0589.JPG,DSCF0589.JPG,4Z/Seen-4Z,2,Western_Leopard_Toad,0.8832,3684.3,1788.1,4608.0,2456.9,Correct
/srv/shared_leopard_toad/2023/Cameras-Master Data/4Z/Seen-4Z/DSCF0812.JPG,DSCF0812.JPG,4Z/Seen-4Z,2,Western_Leopard_Toad,0.9128,1595.0,2051.4,2302.1,2451.1,Correct
/srv/shared_leopard_toad/2023/Cameras-Master Data/4Z/Seen-4Z/DSCF0822.JPG,DSCF0822.JPG,4Z/Seen-4Z,2,Western_Leopard_Toad,0.8571,1513.4,2155.5,2283.5,2452.6,Correct
/srv/shared_leopard_toad/2023/Cameras-Master Data/4Z/Seen-4Z/DSCF0817.JPG,DSCF0817.JPG,4Z/Seen-4Z,2,Western_Leopard_Toad,0.8516,1514.9,2147.2,2278.5,2456.2,Correct
/srv/shared_leopard_toad/2023/Cameras-Master Data/4Z/Seen-4Z/DSCF0823.JPG,DSCF0823.JPG,4Z/Seen-4Z,2,Western_Leopard_Toad,0.4586,1510.9,2149.1,2294.4,2456.6,Correct
/srv/shared_leopard_toad/2023/Cameras-Master Data/4Z/Seen-4Z/DSCF0820.JPG,DSCF0820.JPG,4Z/Seen-4Z,2,Western_Leopard_Toad,0.8606,1512.8,2148.2,2280.0,2456.6,Correct
/srv/shared_leopard_toad/2023/Cameras-Master Data/4Z/Seen-4Z/DSCF0816.JPG,DSCF0816.JPG,4Z/Seen-4Z,2,Western_Leopard_Toad,0.8454,1518.6,2146.9,2278.7,2456.5,Correct
/srv/shared_leopard_toad/2023/Cameras-Master Data/4Z/Seen-4Z/DSCF0824.JPG,DSCF0824.JPG,4Z/Seen-4Z,2,Western_Leopard_Toad,0.8291,1507.9,2149.2,2296.1,2457.7,Correct
/srv/shared_leopard_toad/2023/Cameras-Master Data/4Z/Seen-4Z/DSCF0813.JPG,DSCF0813.JPG,4Z/Seen-4Z,2,Western_Leopard_Toad,0.9083,1596.0,2049.7,2301.3,2450.8,Correct
/srv/shared_leopard_toad/2023/Cameras-Master Data/4Z/Seen-4Z/DSCF0830.JPG,DSCF0830.JPG,4Z/Seen-4Z,2,Western_Leopard_Toad,0.9108,2727.3,1957.0,3575.8,2454.5,Correct
/srv/shared_leopard_toad/2023/Cameras-Master Data/4Z/Seen-4Z/DSCF0825.JPG,DSCF0825.JPG,4Z/Seen-4Z,2,Western_Leopard_Toad,0.8133,1516.3,2148.7,2295.0,2457.8,Correct
/srv/shared_leopard_toad/2023/Cameras-Master Data/4Z/Seen-4Z/DSCF0828.JPG,DSCF0828.JPG,4Z/Seen-4Z,2,Western_Leopard_Toad,0.8966,2725.3,1956.4,3588.9,2452.8,Correct
/srv/shared_leopard_toad/2023/Cameras-Master Data/4Z/Seen-4Z/DSCF0814.JPG,DSCF0814.JPG,4Z/Seen-4Z,2,Western_Leopard_Toad,0.9125,1594.7,2047.4,2311.2,2453.9,Correct
/srv/shared_leopard_toad/2023/Cameras-Master Data/4Z/Seen-4Z/DSCF0815.JPG,DSCF0815.JPG,4Z/Seen-4Z,2,Western_Leopard_Toad,0.8854,1517.4,2148.6,2276.5,2457.3,Correct
/srv/shared_leopard_toad/2023/Cameras-Master Data/4Z/Seen-4Z/DSCF0831.JPG,DSCF0831.JPG,4Z/Seen-4Z,2,Western_Leopard_Toad,0.8984,2724.0,1954.4,3574.1,2455.4,Correct
/srv/shared_leopard_toad/2023/Cameras-Master Data/4Z/Seen-4Z/DSCF0818.JPG,DSCF0818.JPG,4Z/Seen-4Z,2,Western_Leopard_Toad,0.8515,1511.2,2147.4,2278.9,2457.0,Correct
/srv/shared_leopard_toad/2023/Cameras-Master Data/4Z/Seen-4Z/DSCF0819.JPG,DSCF0819.JPG,4Z/Seen-4Z,2,Western_Leopard_Toad,0.8638,1510.3,2145.9,2279.7,2456.8,Correct
/srv/shared_leopard_toad/2023/Cameras-Master Data/4Z/Seen-4Z/DSCF0829.JPG,DSCF0829.JPG,4Z/Seen-4Z,2,Western_Leopard_Toad,0.9072,2726.6,1957.3,3576.2,2454.4,Correct
/srv/shared_leopard_toad/2023/Cameras-Master Data/4Z/Seen-4Z/DSCF0821.JPG,DSCF0821.JPG,4Z/Seen-4Z,2,Western_Leopard_Toad,0.8626,1514.7,2147.1,2279.7,2456.3,Correct
/srv/shared_leopard_toad/2023/Cameras-Master Data/4Z/101MEDIA/DSCF0812.JPG,DSCF0812.JPG,4Z/101MEDIA,2,Western_Leopard_Toad,0.9128,1595.0,2051.4,2302.1,2451.1,Correct
/srv/shared_leopard_toad/2023/Cameras-Master Data/4Z/101MEDIA/DSCF0822.JPG,DSCF0822.JPG,4Z/101MEDIA,2,Western_Leopard_Toad,0.8571,1513.4,2155.5,2283.5,2452.6,Correct
/srv/shared_leopard_toad/2023/Cameras-Master Data/4Z/101MEDIA/DSCF0817.JPG,DSCF0817.JPG,4Z/101MEDIA,2,Western_Leopard_Toad,0.8516,1514.9,2147.2,2278.5,2456.2,Correct
/srv/shared_leopard_toad/2023/Cameras-Master Data/4Z/101MEDIA/DSCF0823.JPG,DSCF0823.JPG,4Z/101MEDIA,2,Western_Leopard_Toad,0.4586,1510.9,2149.1,2294.4,2456.6,Correct
/srv/shared_leopard_toad/2023/Cameras-Master Data/4Z/101MEDIA/DSCF0820.JPG,DSCF0820.JPG,4Z/101MEDIA,2,Western_Leopard_Toad,0.8606,1512.8,2148.2,2280.0,2456.6,Correct
/srv/shared_leopard_toad/2023/Cameras-Master Data/4Z/101MEDIA/DSCF0816.JPG,DSCF0816.JPG,4Z/101MEDIA,2,Western_Leopard_Toad,0.8454,1518.6,2146.9,2278.7,2456.5,Correct
/srv/shared_leopard_toad/2023/Cameras-Master Data/4Z/101MEDIA/DSCF0824.JPG,DSCF0824.JPG,4Z/101MEDIA,2,Western_Leopard_Toad,0.8291,1507.9,2149.2,2296.1,2457.7,Correct
/srv/shared_leopard_toad/2023/Cameras-Master Data/4Z/101MEDIA/DSCF0813.JPG,DSCF0813.JPG,4Z/101MEDIA,2,Western_Leopard_Toad,0.9083,1596.0,2049.7,2301.3,2450.8,Correct
/srv/shared_leopard_toad/2023/Cameras-Master Data/4Z/101MEDIA/DSCF0830.JPG,DSCF0830.JPG,4Z/101MEDIA,2,Western_Leopard_Toad,0.9108,2727.3,1957.0,3575.8,2454.5,Correct
/srv/shared_leopard_toad/2023/Cameras-Master Data/4Z/101MEDIA/DSCF0825.JPG,DSCF0825.JPG,4Z/101MEDIA,2,Western_Leopard_Toad,0.8133,1516.3,2148.7,2295.0,2457.8,Correct
/srv/shared_leopard_toad/2023/Cameras-Master Data/4Z/101MEDIA/DSCF0828.JPG,DSCF0828.JPG,4Z/101MEDIA,2,Western_Leopard_Toad,0.8966,2725.3,1956.4,3588.9,2452.8,Correct
/srv/shared_leopard_toad/2023/Cameras-Master Data/4Z/101MEDIA/DSCF0814.JPG,DSCF0814.JPG,4Z/101MEDIA,2,Western_Leopard_Toad,0.9125,1594.7,2047.4,2311.2,2453.9,Correct
/srv/shared_leopard_toad/2023/Cameras-Master Data/4Z/101MEDIA/DSCF0815.JPG,DSCF0815.JPG,4Z/101MEDIA,2,Western_Leopard_Toad,0.8854,1517.4,2148.6,2276.5,2457.3,Correct
/srv/shared_leopard_toad/2023/Cameras-Master Data/4Z/101MEDIA/DSCF0831.JPG,DSCF0831.JPG,4Z/101MEDIA,2,Western_Leopard_Toad,0.8984,2724.0,1954.4,3574.1,2455.4,Correct
/srv/shared_leopard_toad/2023/Cameras-Master Data/4Z/101MEDIA/DSCF0818.JPG,DSCF0818.JPG,4Z/101MEDIA,2,Western_Leopard_Toad,0.8515,1511.2,2147.4,2278.9,2457.0,Correct
/srv/shared_leopard_toad/2023/Cameras-Master Data/4Z/101MEDIA/DSCF0819.JPG,DSCF0819.JPG,4Z/101MEDIA,2,Western_Leopard_Toad,0.8638,1510.3,2145.9,2279.7,2456.8,Correct
/srv/shared_leopard_toad/2023/Cameras-Master Data/4Z/101MEDIA/DSCF0829.JPG,DSCF0829.JPG,4Z/101MEDIA,2,Western_Leopard_Toad,0.9072,2726.6,1957.3,3576.2,2454.4,Correct
/srv/shared_leopard_toad/2023/Cameras-Master Data/4Z/101MEDIA/DSCF0821.JPG,DSCF0821.JPG,4Z/101MEDIA,2,Western_Leopard_Toad,0.8626,1514.7,2147.1,2279.7,2456.3,Correct
/srv/shared_leopard_toad/2023/Cameras-Master Data/4Z/100MEDIA/DSCF0589.JPG,DSCF0589.JPG,4Z/100MEDIA,2,Western_Leopard_Toad,0.8832,3684.3,1788.1,4608.0,2456.9,Correct
