image_path,image_name,subfolder,class_id,class_name,confidence,xmin,ymin,xmax,ymax
/srv/shared_leopard_toad/2025/Documents/29.09.06.10.2025/4Z/103MEDIA/DSCF0466.JPG,DSCF0466.JPG,4Z/103MEDIA,0,Other_Amphibian,0.2269,3635.2,1736.1,3884.6,2001.1
/srv/shared_leopard_toad/2025/Documents/29.09.06.10.2025/4Z/103MEDIA/DSCF0298.JPG,DSCF0298.JPG,4Z/103MEDIA,0,Other_Amphibian,0.3354,3635.3,1733.6,3888.1,2001.5
/srv/shared_leopard_toad/2025/Documents/29.09.06.10.2025/4Z/103MEDIA/DSCF0325.JPG,DSCF0325.JPG,4Z/103MEDIA,0,Other_Amphibian,0.3411,3636.9,1733.1,3888.0,2001.2
/srv/shared_leopard_toad/2025/Documents/29.09.06.10.2025/4Z/103MEDIA/DSCF0311.JPG,DSCF0311.JPG,4Z/103MEDIA,0,Other_Amphibian,0.2702,3636.5,1732.8,3885.9,2000.9
/srv/shared_leopard_toad/2025/Documents/29.09.06.10.2025/4Z/103MEDIA/DSCF0336.JPG,DSCF0336.JPG,4Z/103MEDIA,0,Other_Amphibian,0.2255,3636.5,1735.2,3887.2,2001.3
/srv/shared_leopard_toad/2025/Documents/29.09.06.10.2025/4Z/103MEDIA/DSCF0458.JPG,DSCF0458.JPG,4Z/103MEDIA,0,Other_Amphibian,0.2010,3636.8,1729.9,3886.7,2001.1
/srv/shared_leopard_toad/2025/Documents/29.09.06.10.2025/4Z/103MEDIA/DSCF0286.JPG,DSCF0286.JPG,4Z/103MEDIA,0,Other_Amphibian,0.2226,3635.6,1732.9,3888.4,2001.6
/srv/shared_leopard_toad/2025/Documents/29.09.06.10.2025/4Z/103MEDIA/DSCF0341.JPG,DSCF0341.JPG,4Z/103MEDIA,0,Other_Amphibian,0.2051,3634.4,1734.4,3890.1,2001.5
/srv/shared_leopard_toad/2025/Documents/29.09.06.10.2025/4Z/103MEDIA/DSCF0304.JPG,DSCF0304.JPG,4Z/103MEDIA,0,Other_Amphibian,0.2428,3635.6,1732.0,3888.1,2003.1
/srv/shared_leopard_toad/2025/Documents/29.09.06.10.2025/4Z/103MEDIA/DSCF0490.JPG,DSCF0490.JPG,4Z/103MEDIA,0,Other_Amphibian,0.2077,3635.3,1732.5,3887.9,2002.4
/srv/shared_leopard_toad/2025/Documents/29.09.06.10.2025/4Z/103MEDIA/DSCF0366.JPG,DSCF0366.JPG,4Z/103MEDIA,0,Other_Amphibian,0.2242,3635.0,1733.8,3886.4,2001.3
/srv/shared_leopard_toad/2025/Documents/29.09.06.10.2025/4Z/103MEDIA/DSCF0305.JPG,DSCF0305.JPG,4Z/103MEDIA,0,Other_Amphibian,0.3012,3636.5,1732.9,3887.5,2000.9
/srv/shared_leopard_toad/2025/Documents/29.09.06.10.2025/4Z/103MEDIA/DSCF0324.JPG,DSCF0324.JPG,4Z/103MEDIA,0,Other_Amphibian,0.3340,3637.3,1734.9,3886.0,2001.4
/srv/shared_leopard_toad/2025/Documents/29.09.06.10.2025/4Z/103MEDIA/DSCF0402.JPG,DSCF0402.JPG,4Z/103MEDIA,0,Other_Amphibian,0.2026,3635.1,1736.0,3887.1,2001.6
/srv/shared_leopard_toad/2025/Documents/29.09.06.10.2025/4Z/103MEDIA/DSCF0301.JPG,DSCF0301.JPG,4Z/103MEDIA,0,Other_Amphibian,0.2209,3636.1,1733.0,3889.4,2002.0
/srv/shared_leopard_toad/2025/Documents/29.09.06.10.2025/4Z/103MEDIA/DSCF0308.JPG,DSCF0308.JPG,4Z/103MEDIA,0,Other_Amphibian,0.4112,3636.9,1735.3,3886.5,2001.4
/srv/shared_leopard_toad/2025/Documents/29.09.06.10.2025/4Z/103MEDIA/DSCF0433.JPG,DSCF0433.JPG,4Z/103MEDIA,0,Other_Amphibian,0.2853,3635.7,1735.8,3886.9,2002.6
/srv/shared_leopard_toad/2025/Documents/29.09.06.10.2025/4Z/103MEDIA/DSCF0312.JPG,DSCF0312.JPG,4Z/103MEDIA,0,Other_Amphibian,0.2476,3635.9,1734.2,3887.4,2002.5
/srv/shared_leopard_toad/2025/Documents/29.09.06.10.2025/4Z/103MEDIA/DSCF0528.JPG,DSCF0528.JPG,4Z/103MEDIA,2,Western_Leopard_Toad,0.2377,4803.6,1760.5,5372.6,2859.2
/srv/shared_leopard_toad/2025/Documents/29.09.06.10.2025/4Z/103MEDIA/DSCF0303.JPG,DSCF0303.JPG,4Z/103MEDIA,0,Other_Amphibian,0.2855,3635.4,1734.4,3887.0,2002.1
/srv/shared_leopard_toad/2025/Documents/29.09.06.10.2025/4Z/103MEDIA/DSCF0451.JPG,DSCF0451.JPG,4Z/103MEDIA,0,Other_Amphibian,0.2429,3635.7,1736.2,3884.7,2001.6
/srv/shared_leopard_toad/2025/Documents/29.09.06.10.2025/4Z/103MEDIA/DSCF0532.JPG,DSCF0532.JPG,4Z/103MEDIA,2,Western_Leopard_Toad,0.2168,4802.3,1764.4,5372.8,2858.2
/srv/shared_leopard_toad/2025/Documents/29.09.06.10.2025/4Z/103MEDIA/DSCF0290.JPG,DSCF0290.JPG,4Z/103MEDIA,0,Other_Amphibian,0.3705,3635.5,1732.5,3888.7,2001.0
/srv/shared_leopard_toad/2025/Documents/29.09.06.10.2025/4Z/103MEDIA/DSCF0258.JPG,DSCF0258.JPG,4Z/103MEDIA,2,Western_Leopard_Toad,0.7043,2117.3,2563.7,2403.6,2851.8
/srv/shared_leopard_toad/2025/Documents/29.09.06.10.2025/4Z/103MEDIA/DSCF0412.JPG,DSCF0412.JPG,4Z/103MEDIA,0,Other_Amphibian,0.2282,3635.6,1735.9,3886.0,2001.5
/srv/shared_leopard_toad/2025/Documents/29.09.06.10.2025/4Z/103MEDIA/DSCF0405.JPG,DSCF0405.JPG,4Z/103MEDIA,0,Other_Amphibian,0.2624,3635.3,1735.0,3886.4,2000.8
/srv/shared_leopard_toad/2025/Documents/29.09.06.10.2025/4Z/103MEDIA/DSCF0315.JPG,DSCF0315.JPG,4Z/103MEDIA,0,Other_Amphibian,0.3435,3636.9,1732.6,3885.8,2000.9
/srv/shared_leopard_toad/2025/Documents/29.09.06.10.2025/4Z/103MEDIA/DSCF0288.JPG,DSCF0288.JPG,4Z/103MEDIA,0,Other_Amphibian,0.2751,3635.3,1732.8,3888.5,2001.0
/srv/shared_leopard_toad/2025/Documents/29.09.06.10.2025/4Z/103MEDIA/DSCF0295.JPG,DSCF0295.JPG,4Z/103MEDIA,0,Other_Amphibian,0.3680,3635.4,1734.0,3887.8,2001.0
/srv/shared_leopard_toad/2025/Documents/29.09.06.10.2025/4Z/103MEDIA/DSCF0320.JPG,DSCF0320.JPG,4Z/103MEDIA,0,Other_Amphibian,0.2735,3636.2,1735.7,3885.9,2001.6
/srv/shared_leopard_toad/2025/Documents/29.09.06.10.2025/4Z/103MEDIA/DSCF0307.JPG,DSCF0307.JPG,4Z/103MEDIA,0,Other_Amphibian,0.2810,3636.2,1733.0,3887.8,2001.0
/srv/shared_leopard_toad/2025/Documents/29.09.06.10.2025/4Z/103MEDIA/DSCF0287.JPG,DSCF0287.JPG,4Z/103MEDIA,0,Other_Amphibian,0.2746,3634.8,1734.4,3887.2,2000.6
/srv/shared_leopard_toad/2025/Documents/29.09.06.10.2025/4Z/103MEDIA/DSCF0363.JPG,DSCF0363.JPG,4Z/103MEDIA,0,Other_Amphibian,0.2114,3635.9,1736.1,3887.7,2001.6
/srv/shared_leopard_toad/2025/Documents/29.09.06.10.2025/4Z/103MEDIA/DSCF0376.JPG,DSCF0376.JPG,4Z/103MEDIA,0,Other_Amphibian,0.2129,3634.6,1736.2,3888.2,2002.5
/srv/shared_leopard_toad/2025/Documents/29.09.06.10.2025/4Z/103MEDIA/DSCF0333.JPG,DSCF0333.JPG,4Z/103MEDIA,0,Other_Amphibian,0.2364,3634.6,1733.6,3887.2,2002.3
/srv/shared_leopard_toad/2025/Documents/29.09.06.10.2025/4Z/103MEDIA/DSCF0299.JPG,DSCF0299.JPG,4Z/103MEDIA,0,Other_Amphibian,0.3939,3635.4,1734.2,3888.1,2001.3
/srv/shared_leopard_toad/2025/Documents/29.09.06.10.2025/4Z/103MEDIA/DSCF0338.JPG,DSCF0338.JPG,4Z/103MEDIA,0,Other_Amphibian,0.2569,3635.8,1734.4,3885.7,2001.1
/srv/shared_leopard_toad/2025/Documents/29.09.06.10.2025/4Z/103MEDIA/DSCF0327.JPG,DSCF0327.JPG,4Z/103MEDIA,0,Other_Amphibian,0.3613,3636.6,1734.5,3886.9,2001.6
/srv/shared_leopard_toad/2025/Documents/29.09.06.10.2025/4Z/103MEDIA/DSCF0314.JPG,DSCF0314.JPG,4Z/103MEDIA,0,Other_Amphibian,0.3045,3635.9,1733.9,3888.3,2001.9
/srv/shared_leopard_toad/2025/Documents/29.09.06.10.2025/4Z/103MEDIA/DSCF0302.JPG,DSCF0302.JPG,4Z/103MEDIA,0,Other_Amphibian,0.2397,3635.7,1733.3,3888.1,2001.1
/srv/shared_leopard_toad/2025/Documents/29.09.06.10.2025/4Z/103MEDIA/DSCF0319.JPG,DSCF0319.JPG,4Z/103MEDIA,0,Other_Amphibian,0.3979,3636.1,1734.7,3888.9,2002.1
/srv/shared_leopard_toad/2025/Documents/29.09.06.10.2025/4Z/103MEDIA/DSCF0323.JPG,DSCF0323.JPG,4Z/103MEDIA,0,Other_Amphibian,0.3445,3636.3,1733.9,3886.3,2001.4
/srv/shared_leopard_toad/2025/Documents/29.09.06.10.2025/4Z/103MEDIA/DSCF0408.JPG,DSCF0408.JPG,4Z/103MEDIA,0,Other_Amphibian,0.2833,3635.3,1736.1,3888.9,2003.5
/srv/shared_leopard_toad/2025/Documents/29.09.06.10.2025/4Z/103MEDIA/DSCF0420.JPG,DSCF0420.JPG,4Z/103MEDIA,0,Other_Amphibian,0.2349,3635.3,1735.6,3886.4,2001.3
/srv/shared_leopard_toad/2025/Documents/29.09.06.10.2025/4Z/103MEDIA/DSCF0316.JPG,DSCF0316.JPG,4Z/103MEDIA,0,Other_Amphibian,0.2899,3636.0,1733.1,3886.4,2002.1
/srv/shared_leopard_toad/2025/Documents/29.09.06.10.2025/4Z/103MEDIA/DSCF0457.JPG,DSCF0457.JPG,4Z/103MEDIA,0,Other_Amphibian,0.2991,3636.3,1735.0,3886.6,2001.9
/srv/shared_leopard_toad/2025/Documents/29.09.06.10.2025/4Z/103MEDIA/DSCF0285.JPG,DSCF0285.JPG,4Z/103MEDIA,0,Other_Amphibian,0.2255,3635.1,1731.9,3889.1,2001.6
/srv/shared_leopard_toad/2025/Documents/29.09.06.10.2025/4Z/103MEDIA/DSCF0480.JPG,DSCF0480.JPG,4Z/103MEDIA,0,Other_Amphibian,0.2497,3636.0,1734.2,3885.1,2001.0
/srv/shared_leopard_toad/2025/Documents/29.09.06.10.2025/4Z/103MEDIA/DSCF0330.JPG,DSCF0330.JPG,4Z/103MEDIA,0,Other_Amphibian,0.3184,3636.2,1733.4,3887.3,2000.8
/srv/shared_leopard_toad/2025/Documents/29.09.06.10.2025/4Z/103MEDIA/DSCF0296.JPG,DSCF0296.JPG,4Z/103MEDIA,0,Other_Amphibian,0.2789,3635.2,1734.5,3886.5,2001.5
/srv/shared_leopard_toad/2025/Documents/29.09.06.10.2025/4Z/103MEDIA/DSCF0306.JPG,DSCF0306.JPG,4Z/103MEDIA,0,Other_Amphibian,0.3896,3636.4,1735.1,3887.2,2001.0
/srv/shared_leopard_toad/2025/Documents/29.09.06.10.2025/4Z/103MEDIA/DSCF0291.JPG,DSCF0291.JPG,4Z/103MEDIA,0,Other_Amphibian,0.3645,3635.7,1732.2,3887.7,2002.2
/srv/shared_leopard_toad/2025/Documents/29.09.06.10.2025/4Z/103MEDIA/DSCF0334.JPG,DSCF0334.JPG,4Z/103MEDIA,0,Other_Amphibian,0.3495,3636.5,1732.9,3887.2,2000.4
/srv/shared_leopard_toad/2025/Documents/29.09.06.10.2025/4Z/103MEDIA/DSCF0481.JPG,DSCF0481.JPG,4Z/103MEDIA,2,Western_Leopard_Toad,0.2019,4489.2,1769.1,5375.9,2859.8
/srv/shared_leopard_toad/2025/Documents/29.09.06.10.2025/4Z/103MEDIA/DSCF0300.JPG,DSCF0300.JPG,4Z/103MEDIA,0,Other_Amphibian,0.3996,3636.7,1732.4,3887.6,2001.4
/srv/shared_leopard_toad/2025/Documents/29.09.06.10.2025/4Z/103MEDIA/DSCF0313.JPG,DSCF0313.JPG,4Z/103MEDIA,0,Other_Amphibian,0.3305,3635.9,1731.9,3887.4,2001.3
/srv/shared_leopard_toad/2025/Documents/29.09.06.10.2025/4Z/103MEDIA/DSCF0297.JPG,DSCF0297.JPG,4Z/103MEDIA,0,Other_Amphibian,0.3005,3635.4,1734.2,3886.4,2001.5
/srv/shared_leopard_toad/2025/Documents/29.09.06.10.2025/4Z/103MEDIA/DSCF0352.JPG,DSCF0352.JPG,4Z/103MEDIA,0,Other_Amphibian,0.2101,3635.9,1733.0,3886.7,2001.3
/srv/shared_leopard_toad/2025/Documents/29.09.06.10.2025/4Z/103MEDIA/DSCF0321.JPG,DSCF0321.JPG,4Z/103MEDIA,0,Other_Amphibian,0.4170,3636.7,1732.5,3888.8,2001.9
/srv/shared_leopard_toad/2025/Documents/29.09.06.10.2025/4Z/103MEDIA/DSCF0435.JPG,DSCF0435.JPG,4Z/103MEDIA,0,Other_Amphibian,0.2833,3636.3,1735.0,3886.2,2001.6
/srv/shared_leopard_toad/2025/Documents/29.09.06.10.2025/4Z/103MEDIA/DSCF0484.JPG,DSCF0484.JPG,4Z/103MEDIA,2,Western_Leopard_Toad,0.4244,4482.1,1763.1,5375.2,2857.6
/srv/shared_leopard_toad/2025/Documents/29.09.06.10.2025/4Z/103MEDIA/DSCF0484.JPG,DSCF0484.JPG,4Z/103MEDIA,0,Other_Amphibian,0.2412,3635.9,1733.3,3884.7,2001.2
/srv/shared_leopard_toad/2025/Documents/29.09.06.10.2025/4Z/103MEDIA/DSCF0329.JPG,DSCF0329.JPG,4Z/103MEDIA,0,Other_Amphibian,0.2384,3637.0,1732.4,3885.8,2001.4
/srv/shared_leopard_toad/2025/Documents/29.09.06.10.2025/4Z/103MEDIA/DSCF0326.JPG,DSCF0326.JPG,4Z/103MEDIA,0,Other_Amphibian,0.2948,3635.9,1733.5,3887.3,2002.0
/srv/shared_leopard_toad/2025/Documents/29.09.06.10.2025/4Z/103MEDIA/DSCF0332.JPG,DSCF0332.JPG,4Z/103MEDIA,0,Other_Amphibian,0.2498,3636.7,1731.7,3889.1,2001.7
/srv/shared_leopard_toad/2025/Documents/29.09.06.10.2025/4Z/103MEDIA/DSCF0383.JPG,DSCF0383.JPG,4Z/103MEDIA,0,Other_Amphibian,0.2162,3634.8,1734.6,3887.5,2003.0
/srv/shared_leopard_toad/2025/Documents/29.09.06.10.2025/4Z/103MEDIA/DSCF0351.JPG,DSCF0351.JPG,4Z/103MEDIA,0,Other_Amphibian,0.2028,3635.4,1733.5,3887.6,2001.0
/srv/shared_leopard_toad/2025/Documents/29.09.06.10.2025/4Z/103MEDIA/DSCF0309.JPG,DSCF0309.JPG,4Z/103MEDIA,0,Other_Amphibian,0.3909,3636.5,1733.5,3888.3,2001.6
/srv/shared_leopard_toad/2025/Documents/29.09.06.10.2025/4Z/103MEDIA/DSCF0392.JPG,DSCF0392.JPG,4Z/103MEDIA,0,Other_Amphibian,0.2072,3635.5,1734.7,3886.5,2001.3
/srv/shared_leopard_toad/2025/Documents/29.09.06.10.2025/4Z/103MEDIA/DSCF0328.JPG,DSCF0328.JPG,4Z/103MEDIA,0,Other_Amphibian,0.3377,3636.4,1733.1,3885.2,2000.3
/srv/shared_leopard_toad/2025/Documents/29.09.06.10.2025/4Z/103MEDIA/DSCF0310.JPG,DSCF0310.JPG,4Z/103MEDIA,0,Other_Amphibian,0.3016,3634.8,1733.1,3887.9,2001.3
/srv/shared_leopard_toad/2025/Documents/29.09.06.10.2025/4Z/103MEDIA/DSCF0317.JPG,DSCF0317.JPG,4Z/103MEDIA,0,Other_Amphibian,0.2903,3636.5,1732.0,3886.7,2001.6
/srv/shared_leopard_toad/2025/Documents/29.09.06.10.2025/4Z/103MEDIA/DSCF0465.JPG,DSCF0465.JPG,4Z/103MEDIA,0,Other_Amphibian,0.2288,3635.4,1735.1,3886.6,2001.4
/srv/shared_leopard_toad/2025/Documents/29.09.06.10.2025/4Z/103MEDIA/DSCF0444.JPG,DSCF0444.JPG,4Z/103MEDIA,0,Other_Amphibian,0.2002,3636.2,1736.1,3886.4,2002.1
/srv/shared_leopard_toad/2025/Documents/29.09.06.10.2025/4Z/103MEDIA/DSCF0322.JPG,DSCF0322.JPG,4Z/103MEDIA,0,Other_Amphibian,0.3101,3636.4,1732.2,3886.5,2000.7
/srv/shared_leopard_toad/2025/Documents/29.09.06.10.2025/4Z/103MEDIA/DSCF0447.JPG,DSCF0447.JPG,4Z/103MEDIA,2,Western_Leopard_Toad,0.2613,4474.7,1770.9,5375.8,2858.6
/srv/shared_leopard_toad/2025/Documents/29.09.06.10.2025/4Z/107MEDIA/DSCF0033.JPG,DSCF0033.JPG,4Z/107MEDIA,0,Other_Amphibian,0.2667,3618.3,1718.0,3859.5,1984.4
/srv/shared_leopard_toad/2025/Documents/29.09.06.10.2025/4Z/107MEDIA/DSCF0041.JPG,DSCF0041.JPG,4Z/107MEDIA,0,Other_Amphibian,0.3645,2368.8,2205.8,2551.6,2380.8
/srv/shared_leopard_toad/2025/Documents/29.09.06.10.2025/4Z/107MEDIA/DSCF0858.JPG,DSCF0858.JPG,4Z/107MEDIA,0,Other_Amphibian,0.2990,3615.0,1715.8,3859.4,1988.3
/srv/shared_leopard_toad/2025/Documents/29.09.06.10.2025/4Z/107MEDIA/DSCF0063.JPG,DSCF0063.JPG,4Z/107MEDIA,0,Other_Amphibian,0.4456,3615.8,1717.9,3858.7,1984.0
/srv/shared_leopard_toad/2025/Documents/29.09.06.10.2025/4Z/107MEDIA/DSCF0036.JPG,DSCF0036.JPG,4Z/107MEDIA,0,Other_Amphibian,0.3163,3618.2,1721.3,3855.0,1987.1
/srv/shared_leopard_toad/2025/Documents/29.09.06.10.2025/4Z/107MEDIA/DSCF0052.JPG,DSCF0052.JPG,4Z/107MEDIA,0,Other_Amphibian,0.4739,3616.8,1718.7,3858.8,1984.8
/srv/shared_leopard_toad/2025/Documents/29.09.06.10.2025/4Z/107MEDIA/DSCF0820.JPG,DSCF0820.JPG,4Z/107MEDIA,0,Other_Amphibian,0.3586,3615.9,1715.8,3857.9,1983.0
/srv/shared_leopard_toad/2025/Documents/29.09.06.10.2025/4Z/107MEDIA/DSCF0387.JPG,DSCF0387.JPG,4Z/107MEDIA,2,Western_Leopard_Toad,0.5602,3107.5,2706.3,3320.3,2861.3
/srv/shared_leopard_toad/2025/Documents/29.09.06.10.2025/4Z/107MEDIA/DSCF0778.JPG,DSCF0778.JPG,4Z/107MEDIA,0,Other_Amphibian,0.8178,2801.8,2142.4,2986.8,2382.8
/srv/shared_leopard_toad/2025/Documents/29.09.06.10.2025/4Z/107MEDIA/DSCF0779.JPG,DSCF0779.JPG,4Z/107MEDIA,0,Other_Amphibian,0.8308,2802.0,2143.3,2986.8,2383.8
/srv/shared_leopard_toad/2025/Documents/29.09.06.10.2025/4Z/107MEDIA/DSCF0969.JPG,DSCF0969.JPG,4Z/107MEDIA,0,Other_Amphibian,0.2924,3614.4,1720.2,3854.6,1985.1
/srv/shared_leopard_toad/2025/Documents/29.09.06.10.2025/4Z/107MEDIA/DSCF0032.JPG,DSCF0032.JPG,4Z/107MEDIA,0,Other_Amphibian,0.2360,3618.5,1718.6,3858.9,1983.9
/srv/shared_leopard_toad/2025/Documents/29.09.06.10.2025/4Z/107MEDIA/DSCF0859.JPG,DSCF0859.JPG,4Z/107MEDIA,0,Other_Amphibian,0.2161,3611.7,1716.1,3860.4,1987.5
/srv/shared_leopard_toad/2025/Documents/29.09.06.10.2025/4Z/107MEDIA/DSCF0388.JPG,DSCF0388.JPG,4Z/107MEDIA,0,Other_Amphibian,0.2075,2559.0,988.1,2740.0,1221.3
/srv/shared_leopard_toad/2025/Documents/29.09.06.10.2025/4Z/107MEDIA/DSCF0009.JPG,DSCF0009.JPG,4Z/107MEDIA,0,Other_Amphibian,0.2638,3618.6,1721.2,3857.7,1984.0
/srv/shared_leopard_toad/2025/Documents/29.09.06.10.2025/4Z/105MEDIA/DSCF0510.JPG,DSCF0510.JPG,4Z/105MEDIA,2,Western_Leopard_Toad,0.4043,5.2,2396.9,449.2,2854.2
/srv/shared_leopard_toad/2025/Documents/29.09.06.10.2025/4Z/104MEDIA/DSCF0141.JPG,DSCF0141.JPG,4Z/104MEDIA,0,Other_Amphibian,0.2747,1867.2,1264.7,2138.2,1558.9
/srv/shared_leopard_toad/2025/Documents/29.09.06.10.2025/4Z/104MEDIA/DSCF0164.JPG,DSCF0164.JPG,4Z/104MEDIA,0,Other_Amphibian,0.2141,1858.0,1263.4,2138.6,1557.1
/srv/shared_leopard_toad/2025/Documents/29.09.06.10.2025/4Z/104MEDIA/DSCF0146.JPG,DSCF0146.JPG,4Z/104MEDIA,0,Other_Amphibian,0.3465,1865.3,1263.5,2138.1,1560.4
/srv/shared_leopard_toad/2025/Documents/29.09.06.10.2025/4Z/104MEDIA/DSCF0139.JPG,DSCF0139.JPG,4Z/104MEDIA,0,Other_Amphibian,0.3793,1865.4,1264.5,2138.2,1555.8
/srv/shared_leopard_toad/2025/Documents/29.09.06.10.2025/4Z/104MEDIA/DSCF0143.JPG,DSCF0143.JPG,4Z/104MEDIA,0,Other_Amphibian,0.4480,1864.7,1263.6,2141.1,1560.4
/srv/shared_leopard_toad/2025/Documents/29.09.06.10.2025/4Z/104MEDIA/DSCF0151.JPG,DSCF0151.JPG,4Z/104MEDIA,0,Other_Amphibian,0.6243,1857.9,1265.2,2135.3,1558.2
/srv/shared_leopard_toad/2025/Documents/29.09.06.10.2025/4Z/104MEDIA/DSCF0157.JPG,DSCF0157.JPG,4Z/104MEDIA,0,Other_Amphibian,0.6506,1864.5,1261.6,2140.5,1560.4
/srv/shared_leopard_toad/2025/Documents/29.09.06.10.2025/4Z/104MEDIA/DSCF0155.JPG,DSCF0155.JPG,4Z/104MEDIA,0,Other_Amphibian,0.4739,1863.1,1260.9,2144.3,1559.2
/srv/shared_leopard_toad/2025/Documents/29.09.06.10.2025/4Z/104MEDIA/DSCF0152.JPG,DSCF0152.JPG,4Z/104MEDIA,0,Other_Amphibian,0.7146,1858.1,1260.8,2142.2,1562.4
/srv/shared_leopard_toad/2025/Documents/29.09.06.10.2025/4Z/104MEDIA/DSCF0145.JPG,DSCF0145.JPG,4Z/104MEDIA,0,Other_Amphibian,0.5762,1863.4,1263.7,2133.9,1555.8
/srv/shared_leopard_toad/2025/Documents/29.09.06.10.2025/4Z/104MEDIA/DSCF0149.JPG,DSCF0149.JPG,4Z/104MEDIA,0,Other_Amphibian,0.5199,1866.2,1264.4,2137.0,1558.0
/srv/shared_leopard_toad/2025/Documents/29.09.06.10.2025/4Z/104MEDIA/DSCF0148.JPG,DSCF0148.JPG,4Z/104MEDIA,0,Other_Amphibian,0.4612,1867.6,1265.7,2131.3,1551.1
/srv/shared_leopard_toad/2025/Documents/29.09.06.10.2025/4Z/104MEDIA/DSCF0158.JPG,DSCF0158.JPG,4Z/104MEDIA,0,Other_Amphibian,0.7223,1858.6,1262.8,2139.6,1557.5
/srv/shared_leopard_toad/2025/Documents/29.09.06.10.2025/4Z/104MEDIA/DSCF0154.JPG,DSCF0154.JPG,4Z/104MEDIA,0,Other_Amphibian,0.6180,1864.1,1263.7,2146.6,1554.8
/srv/shared_leopard_toad/2025/Documents/29.09.06.10.2025/4Z/104MEDIA/DSCF0144.JPG,DSCF0144.JPG,4Z/104MEDIA,0,Other_Amphibian,0.4203,1865.7,1265.5,2141.6,1559.0
/srv/shared_leopard_toad/2025/Documents/29.09.06.10.2025/4Z/104MEDIA/DSCF0150.JPG,DSCF0150.JPG,4Z/104MEDIA,0,Other_Amphibian,0.4814,1862.3,1262.7,2135.0,1559.3
/srv/shared_leopard_toad/2025/Documents/29.09.06.10.2025/4Z/104MEDIA/DSCF0153.JPG,DSCF0153.JPG,4Z/104MEDIA,0,Other_Amphibian,0.6287,1859.3,1261.3,2142.6,1558.1
/srv/shared_leopard_toad/2025/Documents/29.09.06.10.2025/4Z/104MEDIA/DSCF0163.JPG,DSCF0163.JPG,4Z/104MEDIA,0,Other_Amphibian,0.5045,1863.5,1261.4,2132.5,1560.3
/srv/shared_leopard_toad/2025/Documents/29.09.06.10.2025/4Z/104MEDIA/DSCF0132.JPG,DSCF0132.JPG,4Z/104MEDIA,2,Western_Leopard_Toad,0.5022,4498.3,1787.7,5376.0,2853.2
/srv/shared_leopard_toad/2025/Documents/29.09.06.10.2025/4Z/104MEDIA/DSCF0142.JPG,DSCF0142.JPG,4Z/104MEDIA,0,Other_Amphibian,0.3639,1864.9,1262.8,2138.0,1559.4
/srv/shared_leopard_toad/2025/Documents/29.09.06.10.2025/4Z/104MEDIA/DSCF0160.JPG,DSCF0160.JPG,4Z/104MEDIA,0,Other_Amphibian,0.5574,1861.6,1263.7,2137.0,1559.5
/srv/shared_leopard_toad/2025/Documents/29.09.06.10.2025/4Z/104MEDIA/DSCF0162.JPG,DSCF0162.JPG,4Z/104MEDIA,0,Other_Amphibian,0.6776,1855.1,1262.1,2133.4,1567.6
/srv/shared_leopard_toad/2025/Documents/29.09.06.10.2025/4Z/104MEDIA/DSCF0159.JPG,DSCF0159.JPG,4Z/104MEDIA,0,Other_Amphibian,0.6918,1863.3,1260.9,2145.3,1559.6
/srv/shared_leopard_toad/2025/Documents/29.09.06.10.2025/4Z/104MEDIA/DSCF0161.JPG,DSCF0161.JPG,4Z/104MEDIA,0,Other_Amphibian,0.5760,1865.4,1265.4,2134.3,1554.5
/srv/shared_leopard_toad/2025/Documents/29.09.06.10.2025/4Z/104MEDIA/DSCF0137.JPG,DSCF0137.JPG,4Z/104MEDIA,0,Other_Amphibian,0.2781,1876.5,1264.5,2139.8,1547.7
/srv/shared_leopard_toad/2025/Documents/29.09.06.10.2025/4Z/104MEDIA/DSCF0147.JPG,DSCF0147.JPG,4Z/104MEDIA,0,Other_Amphibian,0.5968,1863.5,1266.6,2130.0,1556.0
/srv/shared_leopard_toad/2025/Documents/29.09.06.10.2025/4Z/104MEDIA/DSCF0156.JPG,DSCF0156.JPG,4Z/104MEDIA,0,Other_Amphibian,0.5642,1873.3,1262.0,2143.0,1548.8
/srv/shared_leopard_toad/2025/Documents/29.09.06.10.2025/4Z/104MEDIA/DSCF0138.JPG,DSCF0138.JPG,4Z/104MEDIA,0,Other_Amphibian,0.3148,1863.0,1265.4,2135.5,1564.4
/srv/shared_leopard_toad/2025/Documents/29.09.06.10.2025/4Z/104MEDIA/DSCF0140.JPG,DSCF0140.JPG,4Z/104MEDIA,0,Other_Amphibian,0.3534,1870.7,1263.8,2135.4,1551.2
/srv/shared_leopard_toad/2025/Documents/29.09.06.10.2025/4Z/102MEDIA/DSCF0933.JPG,DSCF0933.JPG,4Z/102MEDIA,0,Other_Amphibian,0.2211,3638.7,1736.1,3889.8,2001.7
/srv/shared_leopard_toad/2025/Documents/29.09.06.10.2025/4Z/102MEDIA/DSCF0812.JPG,DSCF0812.JPG,4Z/102MEDIA,2,Western_Leopard_Toad,0.6592,900.2,823.1,1211.0,1239.5
/srv/shared_leopard_toad/2025/Documents/29.09.06.10.2025/4Z/102MEDIA/DSCF0980.JPG,DSCF0980.JPG,4Z/102MEDIA,0,Other_Amphibian,0.2212,3636.5,1737.5,3887.7,2002.0
/srv/shared_leopard_toad/2025/Documents/29.09.06.10.2025/4Z/102MEDIA/DSCF0807.JPG,DSCF0807.JPG,4Z/102MEDIA,2,Western_Leopard_Toad,0.5618,876.0,825.6,1214.2,1237.8
/srv/shared_leopard_toad/2025/Documents/29.09.06.10.2025/4Z/102MEDIA/DSCF0981.JPG,DSCF0981.JPG,4Z/102MEDIA,0,Other_Amphibian,0.6354,3638.5,1738.0,3884.8,2000.5
/srv/shared_leopard_toad/2025/Documents/29.09.06.10.2025/4Z/102MEDIA/DSCF0979.JPG,DSCF0979.JPG,4Z/102MEDIA,0,Other_Amphibian,0.3987,3636.9,1738.9,3886.6,2001.1
/srv/shared_leopard_toad/2025/Documents/29.09.06.10.2025/4Z/102MEDIA/DSCF0982.JPG,DSCF0982.JPG,4Z/102MEDIA,0,Other_Amphibian,0.2043,3643.3,1740.6,3884.5,1998.0
/srv/shared_leopard_toad/2025/Documents/29.09.06.10.2025/4Z/102MEDIA/DSCF0988.JPG,DSCF0988.JPG,4Z/102MEDIA,2,Western_Leopard_Toad,0.7208,1550.7,2452.9,2501.8,2859.1
/srv/shared_leopard_toad/2025/Documents/29.09.06.10.2025/4Z/102MEDIA/DSCF0988.JPG,DSCF0988.JPG,4Z/102MEDIA,2,Western_Leopard_Toad,0.2893,4984.2,2281.6,5373.8,2859.4
/srv/shared_leopard_toad/2025/Documents/29.09.06.10.2025/4Z/102MEDIA/DSCF0989.JPG,DSCF0989.JPG,4Z/102MEDIA,2,Western_Leopard_Toad,0.8167,1482.0,2432.3,2504.1,2860.3
/srv/shared_leopard_toad/2025/Documents/29.09.06.10.2025/4Z/102MEDIA/DSCF0053.JPG,DSCF0053.JPG,4Z/102MEDIA,0,Other_Amphibian,0.2337,2154.8,1817.3,2337.4,2045.6
/srv/shared_leopard_toad/2025/Documents/29.09.06.10.2025/4Z/102MEDIA/DSCF0842.JPG,DSCF0842.JPG,4Z/102MEDIA,0,Other_Amphibian,0.2230,3637.0,1735.0,3890.3,2011.6
/srv/shared_leopard_toad/2025/Documents/29.09.06.10.2025/4Z/102MEDIA/DSCF0376.JPG,DSCF0376.JPG,4Z/102MEDIA,0,Other_Amphibian,0.2694,3637.6,1735.8,3884.4,1999.7
/srv/shared_leopard_toad/2025/Documents/29.09.06.10.2025/4Z/102MEDIA/DSCF0820.JPG,DSCF0820.JPG,4Z/102MEDIA,2,Western_Leopard_Toad,0.2270,881.4,836.4,1209.1,1236.1
/srv/shared_leopard_toad/2025/Documents/29.09.06.10.2025/4Z/102MEDIA/DSCF0805.JPG,DSCF0805.JPG,4Z/102MEDIA,2,Western_Leopard_Toad,0.3227,890.8,822.8,1215.6,1243.5
/srv/shared_leopard_toad/2025/Documents/29.09.06.10.2025/4Z/102MEDIA/DSCF0991.JPG,DSCF0991.JPG,4Z/102MEDIA,2,Western_Leopard_Toad,0.5991,1475.7,2404.7,2501.9,2862.4
/srv/shared_leopard_toad/2025/Documents/29.09.06.10.2025/4Z/102MEDIA/DSCF0985.JPG,DSCF0985.JPG,4Z/102MEDIA,2,Western_Leopard_Toad,0.2361,1598.4,2602.9,2045.8,2853.4
/srv/shared_leopard_toad/2025/Documents/29.09.06.10.2025/4Z/102MEDIA/DSCF0816.JPG,DSCF0816.JPG,4Z/102MEDIA,2,Western_Leopard_Toad,0.6679,888.8,836.9,1212.5,1241.6
/srv/shared_leopard_toad/2025/Documents/29.09.06.10.2025/4Z/102MEDIA/DSCF0883.JPG,DSCF0883.JPG,4Z/102MEDIA,0,Other_Amphibian,0.2498,3634.3,1737.7,3889.9,2010.7
/srv/shared_leopard_toad/2025/Documents/29.09.06.10.2025/4Z/102MEDIA/DSCF0811.JPG,DSCF0811.JPG,4Z/102MEDIA,2,Western_Leopard_Toad,0.3145,881.3,822.0,1213.0,1243.5
/srv/shared_leopard_toad/2025/Documents/29.09.06.10.2025/4Z/102MEDIA/DSCF0050.JPG,DSCF0050.JPG,4Z/102MEDIA,0,Other_Amphibian,0.2875,2155.4,1819.7,2336.0,2047.9
/srv/shared_leopard_toad/2025/Documents/29.09.06.10.2025/4Z/102MEDIA/DSCF0381.JPG,DSCF0381.JPG,4Z/102MEDIA,0,Other_Amphibian,0.2187,3637.1,1737.0,3882.9,2000.4
/srv/shared_leopard_toad/2025/Documents/29.09.06.10.2025/4Z/102MEDIA/DSCF0886.JPG,DSCF0886.JPG,4Z/102MEDIA,0,Other_Amphibian,0.2009,3635.8,1735.0,3889.5,2009.3
/srv/shared_leopard_toad/2025/Documents/29.09.06.10.2025/4Z/102MEDIA/DSCF0048.JPG,DSCF0048.JPG,4Z/102MEDIA,0,Other_Amphibian,0.3296,2151.1,1820.2,2346.2,2051.1
/srv/shared_leopard_toad/2025/Documents/29.09.06.10.2025/4Z/102MEDIA/DSCF0876.JPG,DSCF0876.JPG,4Z/102MEDIA,0,Other_Amphibian,0.2709,3636.0,1735.6,3889.6,2010.7
/srv/shared_leopard_toad/2025/Documents/29.09.06.10.2025/4Z/102MEDIA/DSCF0804.JPG,DSCF0804.JPG,4Z/102MEDIA,2,Western_Leopard_Toad,0.4338,879.9,822.4,1215.0,1242.9
/srv/shared_leopard_toad/2025/Documents/29.09.06.10.2025/4Z/102MEDIA/DSCF0825.JPG,DSCF0825.JPG,4Z/102MEDIA,2,Western_Leopard_Toad,0.3003,898.2,840.4,1207.2,1236.1
/srv/shared_leopard_toad/2025/Documents/29.09.06.10.2025/4Z/102MEDIA/DSCF0869.JPG,DSCF0869.JPG,4Z/102MEDIA,0,Other_Amphibian,0.2480,3636.2,1737.6,3890.5,2009.2
/srv/shared_leopard_toad/2025/Documents/29.09.06.10.2025/4Z/102MEDIA/DSCF0379.JPG,DSCF0379.JPG,4Z/102MEDIA,0,Other_Amphibian,0.2176,3638.2,1739.1,3880.9,1999.1
/srv/shared_leopard_toad/2025/Documents/29.09.06.10.2025/4Z/102MEDIA/DSCF0929.JPG,DSCF0929.JPG,4Z/102MEDIA,0,Other_Amphibian,0.2027,3637.1,1737.4,3889.1,2003.2
/srv/shared_leopard_toad/2025/Documents/29.09.06.10.2025/4Z/102MEDIA/DSCF0810.JPG,DSCF0810.JPG,4Z/102MEDIA,2,Western_Leopard_Toad,0.2193,891.9,831.9,1214.6,1243.3
/srv/shared_leopard_toad/2025/Documents/29.09.06.10.2025/4Z/102MEDIA/DSCF0814.JPG,DSCF0814.JPG,4Z/102MEDIA,2,Western_Leopard_Toad,0.4270,881.3,828.9,1211.6,1243.3
/srv/shared_leopard_toad/2025/Documents/29.09.06.10.2025/4Z/102MEDIA/DSCF0932.JPG,DSCF0932.JPG,4Z/102MEDIA,0,Other_Amphibian,0.4025,3639.4,1736.8,3888.4,2001.7
/srv/shared_leopard_toad/2025/Documents/29.09.06.10.2025/4Z/102MEDIA/DSCF0054.JPG,DSCF0054.JPG,4Z/102MEDIA,0,Other_Amphibian,0.2055,2156.7,1818.1,2338.0,2046.6
/srv/shared_leopard_toad/2025/Documents/29.09.06.10.2025/4Z/102MEDIA/DSCF0397.JPG,DSCF0397.JPG,4Z/102MEDIA,0,Other_Amphibian,0.2482,3637.5,1737.9,3883.5,2001.2
/srv/shared_leopard_toad/2025/Documents/29.09.06.10.2025/4Z/102MEDIA/DSCF0977.JPG,DSCF0977.JPG,4Z/102MEDIA,0,Other_Amphibian,0.2012,3636.0,1737.2,3891.1,2003.8
/srv/shared_leopard_toad/2025/Documents/29.09.06.10.2025/4Z/102MEDIA/DSCF0806.JPG,DSCF0806.JPG,4Z/102MEDIA,2,Western_Leopard_Toad,0.2154,883.2,822.5,1214.2,1241.1
/srv/shared_leopard_toad/2025/Documents/29.09.06.10.2025/4Z/102MEDIA/DSCF0818.JPG,DSCF0818.JPG,4Z/102MEDIA,2,Western_Leopard_Toad,0.6844,879.7,830.3,1213.8,1243.0
/srv/shared_leopard_toad/2025/Documents/29.09.06.10.2025/4Z/102MEDIA/DSCF0819.JPG,DSCF0819.JPG,4Z/102MEDIA,2,Western_Leopard_Toad,0.5058,903.2,835.3,1214.6,1244.2
/srv/shared_leopard_toad/2025/Documents/29.09.06.10.2025/4Z/102MEDIA/DSCF0821.JPG,DSCF0821.JPG,4Z/102MEDIA,2,Western_Leopard_Toad,0.4074,874.8,833.2,1209.6,1236.9
/srv/shared_leopard_toad/2025/Documents/29.09.06.10.2025/4Z/102MEDIA/DSCF0055.JPG,DSCF0055.JPG,4Z/102MEDIA,0,Other_Amphibian,0.2168,2156.4,1817.2,2338.3,2046.4
/srv/shared_leopard_toad/2025/Documents/29.09.06.10.2025/4Z/102MEDIA/DSCF0990.JPG,DSCF0990.JPG,4Z/102MEDIA,2,Western_Leopard_Toad,0.7795,1490.1,2408.4,2505.5,2862.8
/srv/shared_leopard_toad/2025/Documents/29.09.06.10.2025/4Z/102MEDIA/DSCF0843.JPG,DSCF0843.JPG,4Z/102MEDIA,0,Other_Amphibian,0.2298,3635.6,1737.2,3891.5,2010.9
/srv/shared_leopard_toad/2025/Documents/29.09.06.10.2025/4Z/102MEDIA/DSCF0374.JPG,DSCF0374.JPG,4Z/102MEDIA,0,Other_Amphibian,0.2233,3634.1,1740.7,3885.1,2000.2
/srv/shared_leopard_toad/2025/Documents/29.09.06.10.2025/4Z/102MEDIA/DSCF0371.JPG,DSCF0371.JPG,4Z/102MEDIA,0,Other_Amphibian,0.2410,3635.7,1738.3,3884.5,2002.2
/srv/shared_leopard_toad/2025/Documents/29.09.06.10.2025/4Z/102MEDIA/DSCF0884.JPG,DSCF0884.JPG,4Z/102MEDIA,0,Other_Amphibian,0.2177,3635.9,1734.9,3889.1,2009.6
/srv/shared_leopard_toad/2025/Documents/29.09.06.10.2025/4Z/102MEDIA/DSCF0992.JPG,DSCF0992.JPG,4Z/102MEDIA,2,Western_Leopard_Toad,0.2865,1466.7,2397.1,2506.9,2862.3
/srv/shared_leopard_toad/2025/Documents/29.09.06.10.2025/4Z/108MEDIA/DSCF0135.JPG,DSCF0135.JPG,4Z/108MEDIA,0,Other_Amphibian,0.2365,3617.5,1714.3,3857.3,1983.1
/srv/shared_leopard_toad/2025/Documents/29.09.06.10.2025/4Z/108MEDIA/DSCF0221.JPG,DSCF0221.JPG,4Z/108MEDIA,0,Other_Amphibian,0.2409,3214.8,2605.4,3481.4,2851.5
/srv/shared_leopard_toad/2025/Documents/29.09.06.10.2025/4Z/108MEDIA/DSCF0061.JPG,DSCF0061.JPG,4Z/108MEDIA,0,Other_Amphibian,0.4568,3616.6,1716.2,3858.8,1984.4
/srv/shared_leopard_toad/2025/Documents/29.09.06.10.2025/4Z/108MEDIA/DSCF0060.JPG,DSCF0060.JPG,4Z/108MEDIA,0,Other_Amphibian,0.2058,3615.8,1718.7,3857.9,1983.3
/srv/shared_leopard_toad/2025/Documents/29.09.06.10.2025/4Z/108MEDIA/DSCF0063.JPG,DSCF0063.JPG,4Z/108MEDIA,0,Other_Amphibian,0.4333,3616.8,1717.2,3860.3,1984.3
/srv/shared_leopard_toad/2025/Documents/29.09.06.10.2025/4Z/108MEDIA/DSCF0284.JPG,DSCF0284.JPG,4Z/108MEDIA,0,Other_Amphibian,0.2267,3618.9,1700.3,3860.1,1983.7
/srv/shared_leopard_toad/2025/Documents/29.09.06.10.2025/4Z/108MEDIA/DSCF0271.JPG,DSCF0271.JPG,4Z/108MEDIA,0,Other_Amphibian,0.2679,3619.4,1698.6,3858.7,1980.5
/srv/shared_leopard_toad/2025/Documents/29.09.06.10.2025/4Z/108MEDIA/DSCF0223.JPG,DSCF0223.JPG,4Z/108MEDIA,0,Other_Amphibian,0.3451,3618.5,1700.0,3860.1,1984.6
/srv/shared_leopard_toad/2025/Documents/29.09.06.10.2025/4Z/108MEDIA/DSCF0123.JPG,DSCF0123.JPG,4Z/108MEDIA,0,Other_Amphibian,0.3946,2932.4,1050.1,3168.1,1255.5
/srv/shared_leopard_toad/2025/Documents/29.09.06.10.2025/4Z/108MEDIA/DSCF0675.JPG,DSCF0675.JPG,4Z/108MEDIA,2,Western_Leopard_Toad,0.4012,4987.5,2666.8,5369.1,2880.7
/srv/shared_leopard_toad/2025/Documents/29.09.06.10.2025/4Z/108MEDIA/DSCF0211.JPG,DSCF0211.JPG,4Z/108MEDIA,0,Other_Amphibian,0.4108,3609.1,1235.4,4116.9,1983.6
/srv/shared_leopard_toad/2025/Documents/29.09.06.10.2025/4Z/108MEDIA/DSCF0794.JPG,DSCF0794.JPG,4Z/108MEDIA,2,Western_Leopard_Toad,0.2856,4999.7,2691.6,5368.6,2879.9
/srv/shared_leopard_toad/2025/Documents/29.09.06.10.2025/4Z/108MEDIA/DSCF0909.JPG,DSCF0909.JPG,4Z/108MEDIA,2,Western_Leopard_Toad,0.3842,4996.6,2670.1,5368.6,2877.6
/srv/shared_leopard_toad/2025/Documents/29.09.06.10.2025/4Z/108MEDIA/DSCF0209.JPG,DSCF0209.JPG,4Z/108MEDIA,0,Other_Amphibian,0.2636,3618.1,1714.8,3860.3,1982.8
/srv/shared_leopard_toad/2025/Documents/29.09.06.10.2025/4Z/108MEDIA/DSCF0708.JPG,DSCF0708.JPG,4Z/108MEDIA,0,Other_Amphibian,0.3406,2558.2,2344.9,2755.0,2603.0
/srv/shared_leopard_toad/2025/Documents/29.09.06.10.2025/4Z/108MEDIA/DSCF0104.JPG,DSCF0104.JPG,4Z/108MEDIA,0,Other_Amphibian,0.5156,3175.8,1474.7,3436.2,1739.7
/srv/shared_leopard_toad/2025/Documents/29.09.06.10.2025/4Z/108MEDIA/DSCF0126.JPG,DSCF0126.JPG,4Z/108MEDIA,0,Other_Amphibian,0.2281,3615.8,1713.0,3858.3,1983.8
/srv/shared_leopard_toad/2025/Documents/29.09.06.10.2025/4Z/108MEDIA/DSCF0120.JPG,DSCF0120.JPG,4Z/108MEDIA,0,Other_Amphibian,0.2703,3617.9,1714.9,3856.5,1982.5
/srv/shared_leopard_toad/2025/Documents/29.09.06.10.2025/4Z/108MEDIA/DSCF0212.JPG,DSCF0212.JPG,4Z/108MEDIA,0,Other_Amphibian,0.5573,3609.2,1449.3,4017.3,1983.2
/srv/shared_leopard_toad/2025/Documents/29.09.06.10.2025/4Z/108MEDIA/DSCF0102.JPG,DSCF0102.JPG,4Z/108MEDIA,0,Other_Amphibian,0.7077,3194.5,1402.0,3414.8,1622.9
/srv/shared_leopard_toad/2025/Documents/29.09.06.10.2025/4Z/108MEDIA/DSCF0291.JPG,DSCF0291.JPG,4Z/108MEDIA,0,Other_Amphibian,0.2059,3619.9,1699.7,3859.8,1981.5
/srv/shared_leopard_toad/2025/Documents/29.09.06.10.2025/4Z/108MEDIA/DSCF0122.JPG,DSCF0122.JPG,4Z/108MEDIA,0,Other_Amphibian,0.3411,3618.0,1713.9,3857.5,1983.9
/srv/shared_leopard_toad/2025/Documents/29.09.06.10.2025/4Z/108MEDIA/DSCF0142.JPG,DSCF0142.JPG,4Z/108MEDIA,0,Other_Amphibian,0.2206,3615.0,1714.6,3858.1,1984.3
/srv/shared_leopard_toad/2025/Documents/29.09.06.10.2025/4Z/108MEDIA/DSCF0269.JPG,DSCF0269.JPG,4Z/108MEDIA,0,Other_Amphibian,0.5195,3620.0,1699.1,3859.1,1981.6
/srv/shared_leopard_toad/2025/Documents/29.09.06.10.2025/4Z/108MEDIA/DSCF0129.JPG,DSCF0129.JPG,4Z/108MEDIA,0,Other_Amphibian,0.2389,3616.8,1713.4,3858.3,1984.0
/srv/shared_leopard_toad/2025/Documents/29.09.06.10.2025/4Z/108MEDIA/DSCF0147.JPG,DSCF0147.JPG,4Z/108MEDIA,0,Other_Amphibian,0.2207,3617.2,1714.1,3857.5,1983.4
/srv/shared_leopard_toad/2025/Documents/29.09.06.10.2025/4Z/108MEDIA/DSCF0062.JPG,DSCF0062.JPG,4Z/108MEDIA,0,Other_Amphibian,0.5146,3617.5,1714.5,3857.8,1983.5
/srv/shared_leopard_toad/2025/Documents/29.09.06.10.2025/4Z/108MEDIA/DSCF0100.JPG,DSCF0100.JPG,4Z/108MEDIA,0,Other_Amphibian,0.6779,3195.4,1402.7,3415.3,1626.3
/srv/shared_leopard_toad/2025/Documents/29.09.06.10.2025/4Z/108MEDIA/DSCF0213.JPG,DSCF0213.JPG,4Z/108MEDIA,0,Other_Amphibian,0.7928,3625.7,1508.1,3977.5,1914.7
/srv/shared_leopard_toad/2025/Documents/29.09.06.10.2025/4Z/108MEDIA/DSCF0064.JPG,DSCF0064.JPG,4Z/108MEDIA,0,Other_Amphibian,0.7606,3617.8,1719.7,3857.6,1983.3
/srv/shared_leopard_toad/2025/Documents/29.09.06.10.2025/4Z/108MEDIA/DSCF0101.JPG,DSCF0101.JPG,4Z/108MEDIA,0,Other_Amphibian,0.6683,3196.2,1400.2,3416.6,1623.8
/srv/shared_leopard_toad/2025/Documents/29.09.06.10.2025/4Z/108MEDIA/DSCF0210.JPG,DSCF0210.JPG,4Z/108MEDIA,0,Other_Amphibian,0.2593,3618.9,1714.9,3859.4,1982.6
/srv/shared_leopard_toad/2025/Documents/29.09.06.10.2025/4Z/108MEDIA/DSCF0270.JPG,DSCF0270.JPG,4Z/108MEDIA,0,Other_Amphibian,0.3819,3620.4,1699.9,3860.8,1981.5
/srv/shared_leopard_toad/2025/Documents/29.09.06.10.2025/4Z/108MEDIA/DSCF0124.JPG,DSCF0124.JPG,4Z/108MEDIA,0,Other_Amphibian,0.4610,2932.8,1047.5,3169.8,1253.9
/srv/shared_leopard_toad/2025/Documents/29.09.06.10.2025/4Z/101MEDIA/DSCF0038.JPG,DSCF0038.JPG,4Z/101MEDIA,0,Other_Amphibian,0.8698,2753.4,1683.6,3002.6,1951.4
/srv/shared_leopard_toad/2025/Documents/29.09.06.10.2025/4Z/101MEDIA/DSCF0875.JPG,DSCF0875.JPG,4Z/101MEDIA,0,Other_Amphibian,0.2295,3636.2,1740.0,3887.5,2005.2
/srv/shared_leopard_toad/2025/Documents/29.09.06.10.2025/4Z/106MEDIA/DSCF0651.JPG,DSCF0651.JPG,4Z/106MEDIA,0,Other_Amphibian,0.4481,3050.4,2243.4,3259.1,2485.6
/srv/shared_leopard_toad/2025/Documents/29.09.06.10.2025/4Z/106MEDIA/DSCF0651.JPG,DSCF0651.JPG,4Z/106MEDIA,0,Other_Amphibian,0.2446,3047.2,2225.6,3263.5,2488.6
/srv/shared_leopard_toad/2025/Documents/29.09.06.10.2025/4Z/106MEDIA/DSCF0650.JPG,DSCF0650.JPG,4Z/106MEDIA,0,Other_Amphibian,0.3437,3053.6,2243.6,3257.6,2483.7
/srv/shared_leopard_toad/2025/Documents/29.09.06.10.2025/4Z/106MEDIA/DSCF0650.JPG,DSCF0650.JPG,4Z/106MEDIA,0,Other_Amphibian,0.3177,3050.8,2224.8,3262.0,2486.4
/srv/shared_leopard_toad/2025/Documents/29.09.06.10.2025/4Z/106MEDIA/DSCF0649.JPG,DSCF0649.JPG,4Z/106MEDIA,0,Other_Amphibian,0.4946,3053.4,2244.6,3258.5,2485.0
/srv/shared_leopard_toad/2025/Documents/29.09.06.10.2025/4Z/106MEDIA/DSCF0982.JPG,DSCF0982.JPG,4Z/106MEDIA,2,Western_Leopard_Toad,0.2327,3437.5,2553.5,3917.3,2867.5
/srv/shared_leopard_toad/2025/Documents/29.09.06.10.2025/4Z/106MEDIA/DSCF0648.JPG,DSCF0648.JPG,4Z/106MEDIA,0,Other_Amphibian,0.5402,3052.7,2244.8,3258.0,2484.1
/srv/shared_leopard_toad/2025/Documents/29.09.06.10.2025/4Z/106MEDIA/DSCF0163.JPG,DSCF0163.JPG,4Z/106MEDIA,0,Other_Amphibian,0.4004,2319.2,1821.4,2524.3,2044.5
/srv/shared_leopard_toad/2025/Documents/29.09.06.10.2025/4Z/106MEDIA/DSCF0163.JPG,DSCF0163.JPG,4Z/106MEDIA,0,Other_Amphibian,0.3512,2326.8,1839.7,2514.0,2040.1
/srv/shared_leopard_toad/2025/Documents/29.09.06.10.2025/4Z/109MEDIA/DSCF0215.JPG,DSCF0215.JPG,4Z/109MEDIA,2,Western_Leopard_Toad,0.5457,5.6,2415.5,445.0,2855.0
/srv/shared_leopard_toad/2025/Documents/29.09.06.10.2025/4Z/109MEDIA/DSCF0001.JPG,DSCF0001.JPG,4Z/109MEDIA,0,Other_Amphibian,0.3812,3622.1,1701.0,3857.7,1995.0
/srv/shared_leopard_toad/2025/Documents/29.09.06.10.2025/4Z/109MEDIA/DSCF0416.JPG,DSCF0416.JPG,4Z/109MEDIA,2,Western_Leopard_Toad,0.2388,5.0,2399.9,459.3,2853.6
/srv/shared_leopard_toad/2025/Documents/29.09.06.10.2025/4Z/109MEDIA/DSCF0298.JPG,DSCF0298.JPG,4Z/109MEDIA,2,Western_Leopard_Toad,0.2539,5.5,2420.8,444.0,2853.3
/srv/shared_leopard_toad/2025/Documents/29.09.06.10.2025/4Z/109MEDIA/DSCF0325.JPG,DSCF0325.JPG,4Z/109MEDIA,2,Western_Leopard_Toad,0.2126,6.0,2438.4,436.4,2854.3
/srv/shared_leopard_toad/2025/Documents/29.09.06.10.2025/4Z/109MEDIA/DSCF0623.JPG,DSCF0623.JPG,4Z/109MEDIA,2,Western_Leopard_Toad,0.8653,2550.4,1439.0,2983.8,1972.3
/srv/shared_leopard_toad/2025/Documents/29.09.06.10.2025/4Z/109MEDIA/DSCF0336.JPG,DSCF0336.JPG,4Z/109MEDIA,0,Other_Amphibian,0.3272,2559.0,2380.0,2709.5,2594.5
/srv/shared_leopard_toad/2025/Documents/29.09.06.10.2025/4Z/109MEDIA/DSCF0336.JPG,DSCF0336.JPG,4Z/109MEDIA,0,Other_Amphibian,0.2254,2558.0,2355.1,2715.8,2598.7
/srv/shared_leopard_toad/2025/Documents/29.09.06.10.2025/4Z/109MEDIA/DSCF0344.JPG,DSCF0344.JPG,4Z/109MEDIA,2,Western_Leopard_Toad,0.2169,4.3,2381.0,438.6,2853.0
/srv/shared_leopard_toad/2025/Documents/29.09.06.10.2025/4Z/109MEDIA/DSCF0292.JPG,DSCF0292.JPG,4Z/109MEDIA,2,Western_Leopard_Toad,0.2478,5.7,2435.8,443.9,2853.6
/srv/shared_leopard_toad/2025/Documents/29.09.06.10.2025/4Z/109MEDIA/DSCF0574.JPG,DSCF0574.JPG,4Z/109MEDIA,0,Other_Amphibian,0.2645,3619.2,1691.9,3859.8,1989.3
/srv/shared_leopard_toad/2025/Documents/29.09.06.10.2025/4Z/109MEDIA/DSCF0394.JPG,DSCF0394.JPG,4Z/109MEDIA,2,Western_Leopard_Toad,0.4875,6.0,2440.3,436.0,2854.8
/srv/shared_leopard_toad/2025/Documents/29.09.06.10.2025/4Z/109MEDIA/DSCF0439.JPG,DSCF0439.JPG,4Z/109MEDIA,2,Western_Leopard_Toad,0.3935,4.5,2388.1,436.4,2852.8
/srv/shared_leopard_toad/2025/Documents/29.09.06.10.2025/4Z/109MEDIA/DSCF0670.JPG,DSCF0670.JPG,4Z/109MEDIA,2,Western_Leopard_Toad,0.5212,3.9,2386.8,415.6,2854.5
/srv/shared_leopard_toad/2025/Documents/29.09.06.10.2025/4Z/109MEDIA/DSCF0596.JPG,DSCF0596.JPG,4Z/109MEDIA,2,Western_Leopard_Toad,0.8099,2080.1,2040.0,2455.4,2425.3
/srv/shared_leopard_toad/2025/Documents/29.09.06.10.2025/4Z/109MEDIA/DSCF0290.JPG,DSCF0290.JPG,4Z/109MEDIA,2,Western_Leopard_Toad,0.3671,5.8,2430.3,435.0,2854.2
/srv/shared_leopard_toad/2025/Documents/29.09.06.10.2025/4Z/109MEDIA/DSCF0346.JPG,DSCF0346.JPG,4Z/109MEDIA,2,Western_Leopard_Toad,0.3498,4.7,2384.3,438.4,2854.4
/srv/shared_leopard_toad/2025/Documents/29.09.06.10.2025/4Z/109MEDIA/DSCF0171.JPG,DSCF0171.JPG,4Z/109MEDIA,0,Other_Amphibian,0.2464,3621.3,1695.4,3855.9,1984.8
/srv/shared_leopard_toad/2025/Documents/29.09.06.10.2025/4Z/109MEDIA/DSCF0247.JPG,DSCF0247.JPG,4Z/109MEDIA,2,Western_Leopard_Toad,0.2764,4.5,2382.8,437.8,2853.6
/srv/shared_leopard_toad/2025/Documents/29.09.06.10.2025/4Z/109MEDIA/DSCF0268.JPG,DSCF0268.JPG,4Z/109MEDIA,2,Western_Leopard_Toad,0.3056,4.8,2385.5,446.9,2853.3
/srv/shared_leopard_toad/2025/Documents/29.09.06.10.2025/4Z/109MEDIA/DSCF0246.JPG,DSCF0246.JPG,4Z/109MEDIA,2,Western_Leopard_Toad,0.5558,5.1,2381.0,445.4,2854.8
/srv/shared_leopard_toad/2025/Documents/29.09.06.10.2025/4Z/109MEDIA/DSCF0396.JPG,DSCF0396.JPG,4Z/109MEDIA,2,Western_Leopard_Toad,0.7221,4.5,2393.0,435.5,2854.2
/srv/shared_leopard_toad/2025/Documents/29.09.06.10.2025/4Z/109MEDIA/DSCF0335.JPG,DSCF0335.JPG,4Z/109MEDIA,0,Other_Amphibian,0.4643,2558.2,2380.6,2714.4,2595.0
/srv/shared_leopard_toad/2025/Documents/29.09.06.10.2025/4Z/109MEDIA/DSCF0262.JPG,DSCF0262.JPG,4Z/109MEDIA,2,Western_Leopard_Toad,0.2893,5.4,2409.0,444.9,2854.0
/srv/shared_leopard_toad/2025/Documents/29.09.06.10.2025/4Z/109MEDIA/DSCF0223.JPG,DSCF0223.JPG,4Z/109MEDIA,2,Western_Leopard_Toad,0.3343,5.3,2407.9,433.5,2854.5
/srv/shared_leopard_toad/2025/Documents/29.09.06.10.2025/4Z/109MEDIA/DSCF0622.JPG,DSCF0622.JPG,4Z/109MEDIA,2,Western_Leopard_Toad,0.7816,2557.4,1426.7,2981.4,1950.8
/srv/shared_leopard_toad/2025/Documents/29.09.06.10.2025/4Z/109MEDIA/DSCF0180.JPG,DSCF0180.JPG,4Z/109MEDIA,0,Other_Amphibian,0.3895,2560.6,2385.1,2769.8,2601.1
/srv/shared_leopard_toad/2025/Documents/29.09.06.10.2025/4Z/109MEDIA/DSCF0180.JPG,DSCF0180.JPG,4Z/109MEDIA,0,Other_Amphibian,0.3696,3621.3,1693.3,3858.8,1986.1
/srv/shared_leopard_toad/2025/Documents/29.09.06.10.2025/4Z/109MEDIA/DSCF0625.JPG,DSCF0625.JPG,4Z/109MEDIA,2,Western_Leopard_Toad,0.3979,2550.1,1445.9,3213.3,1978.7
/srv/shared_leopard_toad/2025/Documents/29.09.06.10.2025/4Z/109MEDIA/DSCF0625.JPG,DSCF0625.JPG,4Z/109MEDIA,2,Western_Leopard_Toad,0.2194,5005.9,2670.7,5368.2,2882.4
/srv/shared_leopard_toad/2025/Documents/29.09.06.10.2025/4Z/109MEDIA/DSCF0593.JPG,DSCF0593.JPG,4Z/109MEDIA,0,Other_Amphibian,0.2579,2564.1,2406.1,2701.4,2595.6
/srv/shared_leopard_toad/2025/Documents/29.09.06.10.2025/4Z/109MEDIA/DSCF0365.JPG,DSCF0365.JPG,4Z/109MEDIA,2,Western_Leopard_Toad,0.6485,4.7,2391.2,439.9,2854.1
/srv/shared_leopard_toad/2025/Documents/29.09.06.10.2025/4Z/109MEDIA/DSCF0612.JPG,DSCF0612.JPG,4Z/109MEDIA,0,Other_Amphibian,0.2143,3620.2,1689.9,3860.0,1986.3
/srv/shared_leopard_toad/2025/Documents/29.09.06.10.2025/4Z/109MEDIA/DSCF0626.JPG,DSCF0626.JPG,4Z/109MEDIA,2,Western_Leopard_Toad,0.4013,2555.2,1400.6,3222.5,1977.6
/srv/shared_leopard_toad/2025/Documents/29.09.06.10.2025/4Z/109MEDIA/DSCF0323.JPG,DSCF0323.JPG,4Z/109MEDIA,2,Western_Leopard_Toad,0.3369,5.5,2415.5,439.2,2854.4
/srv/shared_leopard_toad/2025/Documents/29.09.06.10.2025/4Z/109MEDIA/DSCF0425.JPG,DSCF0425.JPG,4Z/109MEDIA,2,Western_Leopard_Toad,0.4546,5.4,2399.1,435.8,2854.1
/srv/shared_leopard_toad/2025/Documents/29.09.06.10.2025/4Z/109MEDIA/DSCF0587.JPG,DSCF0587.JPG,4Z/109MEDIA,0,Other_Amphibian,0.2142,2562.3,2399.2,2714.3,2595.9
/srv/shared_leopard_toad/2025/Documents/29.09.06.10.2025/4Z/109MEDIA/DSCF0283.JPG,DSCF0283.JPG,4Z/109MEDIA,2,Western_Leopard_Toad,0.3121,5.5,2396.8,445.3,2853.3
/srv/shared_leopard_toad/2025/Documents/29.09.06.10.2025/4Z/109MEDIA/DSCF0128.JPG,DSCF0128.JPG,4Z/109MEDIA,2,Western_Leopard_Toad,0.5343,4.8,2397.2,443.7,2854.3
/srv/shared_leopard_toad/2025/Documents/29.09.06.10.2025/4Z/109MEDIA/DSCF0614.JPG,DSCF0614.JPG,4Z/109MEDIA,0,Other_Amphibian,0.3321,3619.5,1683.8,3859.6,1988.0
/srv/shared_leopard_toad/2025/Documents/29.09.06.10.2025/4Z/109MEDIA/DSCF0212.JPG,DSCF0212.JPG,4Z/109MEDIA,2,Western_Leopard_Toad,0.3303,5.9,2415.0,434.9,2853.5
/srv/shared_leopard_toad/2025/Documents/29.09.06.10.2025/4Z/109MEDIA/DSCF0438.JPG,DSCF0438.JPG,4Z/109MEDIA,2,Western_Leopard_Toad,0.3015,5.0,2404.8,441.8,2853.0
/srv/shared_leopard_toad/2025/Documents/29.09.06.10.2025/4Z/109MEDIA/DSCF0291.JPG,DSCF0291.JPG,4Z/109MEDIA,0,Other_Amphibian,0.2203,2562.7,2396.9,2705.3,2597.0
/srv/shared_leopard_toad/2025/Documents/29.09.06.10.2025/4Z/109MEDIA/DSCF0300.JPG,DSCF0300.JPG,4Z/109MEDIA,2,Western_Leopard_Toad,0.2367,5.6,2423.9,442.0,2852.8
/srv/shared_leopard_toad/2025/Documents/29.09.06.10.2025/4Z/109MEDIA/DSCF0260.JPG,DSCF0260.JPG,4Z/109MEDIA,2,Western_Leopard_Toad,0.3944,5.3,2405.3,447.1,2853.9
/srv/shared_leopard_toad/2025/Documents/29.09.06.10.2025/4Z/109MEDIA/DSCF0039.JPG,DSCF0039.JPG,4Z/109MEDIA,0,Other_Amphibian,0.2697,3626.0,1691.1,3862.7,1992.1
/srv/shared_leopard_toad/2025/Documents/29.09.06.10.2025/4Z/109MEDIA/DSCF0599.JPG,DSCF0599.JPG,4Z/109MEDIA,2,Western_Leopard_Toad,0.7889,2054.7,2051.4,2454.9,2451.1
/srv/shared_leopard_toad/2025/Documents/29.09.06.10.2025/4Z/109MEDIA/DSCF0600.JPG,DSCF0600.JPG,4Z/109MEDIA,2,Western_Leopard_Toad,0.7028,2047.6,2048.4,2453.6,2454.8
/srv/shared_leopard_toad/2025/Documents/29.09.06.10.2025/4Z/109MEDIA/DSCF0217.JPG,DSCF0217.JPG,4Z/109MEDIA,2,Western_Leopard_Toad,0.4612,4.9,2388.8,437.5,2854.5
/srv/shared_leopard_toad/2025/Documents/29.09.06.10.2025/4Z/109MEDIA/DSCF0094.JPG,DSCF0094.JPG,4Z/109MEDIA,0,Other_Amphibian,0.3830,2562.4,2401.5,2702.5,2595.5
/srv/shared_leopard_toad/2025/Documents/29.09.06.10.2025/4Z/109MEDIA/DSCF0383.JPG,DSCF0383.JPG,4Z/109MEDIA,2,Western_Leopard_Toad,0.4167,5.5,2416.7,442.4,2853.6
/srv/shared_leopard_toad/2025/Documents/29.09.06.10.2025/4Z/109MEDIA/DSCF0351.JPG,DSCF0351.JPG,4Z/109MEDIA,2,Western_Leopard_Toad,0.4051,4.9,2390.6,441.5,2853.4
/srv/shared_leopard_toad/2025/Documents/29.09.06.10.2025/4Z/109MEDIA/DSCF0225.JPG,DSCF0225.JPG,4Z/109MEDIA,2,Western_Leopard_Toad,0.3467,4.4,2373.6,449.9,2852.5
/srv/shared_leopard_toad/2025/Documents/29.09.06.10.2025/4Z/109MEDIA/DSCF0354.JPG,DSCF0354.JPG,4Z/109MEDIA,2,Western_Leopard_Toad,0.3679,4.5,2379.7,444.0,2853.9
/srv/shared_leopard_toad/2025/Documents/29.09.06.10.2025/4Z/109MEDIA/DSCF0617.JPG,DSCF0617.JPG,4Z/109MEDIA,0,Other_Amphibian,0.3737,2617.0,1548.8,2865.6,1827.3
/srv/shared_leopard_toad/2025/Documents/29.09.06.10.2025/4Z/109MEDIA/DSCF0465.JPG,DSCF0465.JPG,4Z/109MEDIA,2,Western_Leopard_Toad,0.4125,4.8,2395.5,427.7,2853.8
/srv/shared_leopard_toad/2025/Documents/29.09.06.10.2025/4Z/100MEDIA/DSCF0377.JPG,DSCF0377.JPG,4Z/100MEDIA,0,Other_Amphibian,0.4139,2791.8,1923.4,2988.7,2104.9
